<COLLADA xmlns="http://www.collada.org/2005/11/COLLADASchema" version="1.4.1">
  <asset>
    <contributor/>
    <created>2025-09-18T17:45:58.889108</created>
    <modified>2025-09-18T17:45:58.889117</modified>
    <unit name="meter" meter="1.0"/>
    <up_axis>Z_UP</up_axis>
  </asset>
  <library_effects>
    <effect id="effect_Body" name="effect_Body">
      <profile_COMMON>
        <technique sid="common">
          <phong>
            <emission>
              <color>0.0 0.0 0.0 1.0</color>
            </emission>
            <ambient>
              <color>0.0 0.0 0.0 1.0</color>
            </ambient>
            <diffuse>
              <color>0.800000011920929 0.800000011920929 0.9019607901573181 1.0</color>
            </diffuse>
            <specular>
              <color>1 1 1 1.0</color>
            </specular>
            <shininess>
              <float>0.0</float>
            </shininess>
            <reflective>
              <color>0.0 0.0 0.0 1.0</color>
            </reflective>
            <reflectivity>
              <float>0.0</float>
            </reflectivity>
            <transparent>
              <color>0.0 0.0 0.0 1.0</color>
            </transparent>
            <transparency>
              <float>1.0</float>
            </transparency>
          </phong>
        </technique>
        <extra>
          <technique profile="GOOGLEEARTH">
            <double_sided>0</double_sided>
          </technique>
        </extra>
      </profile_COMMON>
    </effect>
  </library_effects>
  <library_geometries>
    <geometry id="geometry0" name="Body">
      <mesh>
        <source id="cubeverts-array0">
          <float_array count="3480" id="cubeverts-array0-array">-0.1217157 0.005 -0.005 0.1217157 0.005 -0.005 -0.1217157 -0.005 -0.005 0.1217157 -0.005 -0.005 -0.1569824 0.005 -0.007158669 -0.1670882 0.005 -0.01824812 -0.1679717 0.005 -0.01737865 -0.1573305 0.005 -0.006801727 -0.1688111 0.005 -0.01646646 -0.1566169 0.005 -0.007497812 -0.1661627 0.005 -0.01907272 -0.1576604 0.005 -0.006427876 -0.1696041 0.005 -0.01551379 -0.1562349 0.005 -0.007818315 -0.1651974 0.005 -0.01985043 -0.1579713 0.005 -0.006038044 -0.170349 0.005 -0.01452298 -0.1558374 0.005 -0.00811938 -0.1641947 0.005 -0.02057934 -0.1582624 0.005 -0.005633201 -0.1710439 0.005 -0.01349646 -0.1554255 0.005 -0.008400259 -0.1631572 0.005 -0.02125765 -0.1585329 0.005 -0.005214352 -0.171687 0.005 -0.01243676 -0.155 0.005 -0.008660254 -0.1620873 0.005 -0.0218837 -0.1587822 0.005 -0.00478254 -0.1722768 0.005 -0.01134648 -0.1545621 0.005 -0.008898718 -0.1609877 0.005 -0.02245594 -0.1590097 0.005 -0.004338838 -0.1728119 0.005 -0.01022831 -0.1541129 0.005 -0.009115059 -0.1598611 0.005 -0.02297298 -0.1592148 0.005 -0.003884348 -0.1732908 0.005 -0.009084992 -0.1536534 0.005 -0.009308738 -0.1587103 0.005 -0.02343354 -0.1593969 0.005 -0.003420202 -0.1737125 0.005 -0.007919338 -0.1531849 0.005 -0.009479274 -0.157538 0.005 -0.02383649 -0.1595557 0.005 -0.002947552 -0.1740759 0.005 -0.006734214 -0.1527084 0.005 -0.009626243 -0.1563472 0.005 -0.02418084 -0.1596908 0.005 -0.002467574 -0.1743801 0.005 -0.005532533 -0.1522252 0.005 -0.009749279 -0.1551408 0.005 -0.02446573 -0.1598017 0.005 -0.001981461 -0.1746244 0.005 -0.004317251 -0.1517365 0.005 -0.009848078 -0.1539218 0.005 -0.02469048 -0.1598883 0.005 -0.001490423 -0.1748081 0.005 -0.003091355 -0.1512434 0.005 -0.009922392 -0.1526931 0.005 -0.02485452 -0.1599503 0.005 -0.0009956785 -0.1749309 0.005 -0.001857858 -0.1507473 0.005 -0.009972038 -0.1514578 0.005 -0.02495746 -0.1599876 0.005 -0.0004984589 -0.1749923 0.005 -0.000619794 -0.1502493 0.005 -0.009996892 -0.1502189 0.005 -0.02499904 -0.16 0.005 -3.375078e-17 -0.1749923 0.005 0.000619794 -0.1497507 0.005 -0.009996892 -0.1489795 0.005 -0.02497916 -0.1599876 0.005 0.0004984589 -0.1749309 0.005 0.001857858 -0.1492527 0.005 -0.009972038 -0.1477425 0.005 -0.02489787 -0.1599503 0.005 0.0009956785 -0.1748081 0.005 0.003091355 -0.1487566 0.005 -0.009922392 -0.1465112 0.005 -0.02475536 -0.1598883 0.005 0.001490423 -0.1746244 0.005 0.004317251 -0.1482635 0.005 -0.009848078 -0.1452884 0.005 -0.024552 -0.1598017 0.005 0.001981461 -0.1743801 0.005 0.005532533 -0.1477748 0.005 -0.009749279 -0.1440772 0.005 -0.02428827 -0.1596908 0.005 0.002467574 -0.1740759 0.005 0.006734214 -0.1472916 0.005 -0.009626243 -0.1428805 0.005 -0.02396483 -0.1595557 0.005 0.002947552 -0.1737125 0.005 0.007919338 -0.1468151 0.005 -0.009479274 -0.1417014 0.005 -0.02358247 -0.1593969 0.005 0.003420202 -0.1732908 0.005 0.009084992 -0.1463466 0.005 -0.009308738 -0.1405426 0.005 -0.02314213 -0.1592148 0.005 0.003884348 -0.1728119 0.005 0.01022831 -0.1458871 0.005 -0.009115059 -0.1394072 0.005 -0.0226449 -0.1590097 0.005 0.004338838 -0.1722768 0.005 0.01134648 -0.1454379 0.005 -0.008898718 -0.1382977 0.005 -0.02209199 -0.1587822 0.005 0.00478254 -0.171687 0.005 0.01243676 -0.145 0.005 -0.008660254 -0.137217 0.005 -0.02148477 -0.1585329 0.005 0.005214352 -0.1710439 0.005 0.01349646 -0.1445745 0.005 -0.008400259 -0.1361678 0.005 -0.02082473 -0.1582624 0.005 0.005633201 -0.170349 0.005 0.01452298 -0.1441626 0.005 -0.00811938 -0.1351525 0.005 -0.02011349 -0.1579713 0.005 0.006038044 -0.1696041 0.005 0.01551379 -0.1437651 0.005 -0.007818315 -0.1341738 0.005 -0.01935281 -0.1576604 0.005 0.006427876 -0.1688111 0.005 0.01646646 -0.1433831 0.005 -0.007497812 -0.133234 0.005 -0.01854454 -0.1573305 0.005 0.006801727 -0.1679717 0.005 0.01737865 -0.1430176 0.005 -0.007158669 -0.1323353 0.005 -0.01769068 -0.1569824 0.005 0.007158669 -0.1426695 0.005 -0.006801727 -0.1670882 0.005 0.01824812 -0.1566169 0.005 0.007497812 -0.1314802 0.005 -0.01679333 -0.1423396 0.005 -0.006427876 -0.1661627 0.005 0.01907272 -0.1562349 0.005 0.007818315 -0.1306705 0.005 -0.01585468 -0.1420287 0.005 -0.006038044 -0.1651974 0.005 0.01985043 -0.1558374 0.005 0.00811938 -0.1299084 0.005 -0.01487707 -0.1417376 0.005 -0.005633201 -0.1641947 0.005 0.02057934 -0.1554255 0.005 0.008400259 -0.1291956 0.005 -0.01386287 -0.1414671 0.005 -0.005214352 -0.1631572 0.005 0.02125765 -0.155 0.005 0.008660254 -0.1285341 0.005 -0.0128146 -0.1412178 0.005 -0.00478254 -0.1620873 0.005 0.0218837 -0.1545621 0.005 0.008898718 -0.1279253 0.005 -0.01173481 -0.1409903 0.005 -0.004338838 -0.1609877 0.005 0.02245594 -0.1541129 0.005 0.009115059 -0.1273707 0.005 -0.01062618 -0.1407852 0.005 -0.003884348 -0.1598611 0.005 0.02297298 -0.1536534 0.005 0.009308738 -0.1268718 0.005 -0.009491425 -0.1406031 0.005 -0.003420202 -0.1587103 0.005 0.02343354 -0.1531849 0.005 0.009479274 -0.1264298 0.005 -0.008333333 -0.1404443 0.005 -0.002947552 -0.126342 0.005 -0.008103335 -0.1262431 0.005 -0.007877934 -0.1403092 0.005 -0.002467574 -0.1261331 0.005 -0.007657677 -0.1401983 0.005 -0.001981461 -0.157538 0.005 0.02383649 -0.1527084 0.005 0.009626243 -0.1260125 0.005 -0.007443098 -0.1258814 0.005 -0.007234716 -0.1401117 0.005 -0.001490423 -0.1257403 0.005 -0.007033037 -0.1400497 0.005 -0.0009956785 -0.1255894 0.005 -0.00683855 -0.1400124 0.005 -0.0004984589 -0.1563472 0.005 0.02418084 -0.1522252 0.005 0.009749279 -0.1254291 0.005 -0.006651726 -0.1252598 0.005 -0.006473018 -0.14 0.005 0 -0.1250819 0.005 -0.006302859 -0.1551408 0.005 0.02446573 -0.1517365 0.005 0.009848078 -0.1539218 0.005 0.02469048 -0.1512434 0.005 0.009922392 -0.1526931 0.005 0.02485452 -0.1507473 0.005 0.009972038 -0.1514578 0.005 0.02495746 -0.1502493 0.005 0.009996892 -0.1502189 0.005 0.02499904 -0.1497507 0.005 0.009996892 -0.1489795 0.005 0.02497916 -0.1492527 0.005 0.009972038 -0.1477425 0.005 0.02489787 -0.1487566 0.005 0.009922392 -0.1465112 0.005 0.02475536 -0.1482635 0.005 0.009848078 -0.1452884 0.005 0.024552 -0.1477748 0.005 0.009749279 -0.1440772 0.005 0.02428827 -0.1472916 0.005 0.009626243 -0.1428805 0.005 0.02396483 -0.1468151 0.005 0.009479274 -0.1252598 0.005 0.006473018 -0.1400124 0.005 0.0004984589 -0.1254291 0.005 0.006651726 -0.1248959 0.005 0.006141662 -0.1248959 0.005 -0.006141662 -0.1255894 0.005 0.00683855 -0.1400497 0.005 0.0009956785 -0.1247021 0.005 0.005989817 -0.1247021 0.005 -0.005989817 -0.1257403 0.005 0.007033037 -0.1401117 0.005 0.001490423 -0.1245011 0.005 -0.005847692 -0.1258814 0.005 0.007234716 -0.1401983 0.005 0.001981461 -0.1242934 0.005 0.005715632 -0.1242934 0.005 -0.005715632 -0.1240794 0.005 0.005593957 -0.1238596 0.005 -0.005482963 -0.1240794 0.005 -0.005593957 -0.1261331 0.005 0.007657677 -0.1403092 0.005 0.002467574 -0.1238596 0.005 0.005482963 -0.1262431 0.005 0.007877934 -0.1404443 0.005 0.002947552 -0.1236347 0.005 0.005382917 -0.1234052 0.005 -0.005294063 -0.1236347 0.005 -0.005382917 -0.126342 0.005 0.008103335 -0.1417014 0.005 0.02358247 -0.1463466 0.005 0.009308738 -0.1231715 0.005 -0.005216615 -0.1264298 0.005 0.008333333 -0.1406031 0.005 0.003420202 -0.1229343 0.005 0.005150762 -0.1226941 0.005 -0.005096663 -0.1229343 0.005 -0.005150762 -0.1405426 0.005 0.02314213 -0.1458871 0.005 0.009115059 -0.1224516 0.005 0.005054451 -0.1224516 0.005 -0.005054451 -0.1268718 0.005 0.009491425 -0.1407852 0.005 0.003884348 -0.1222073 0.005 -0.005024225 -0.1219618 0.005 0.00500606 -0.1219618 0.005 -0.00500606 -0.1394072 0.005 0.0226449 -0.1454379 0.005 0.008898718 -0.1273707 0.005 0.01062618 -0.1409903 0.005 0.004338838 -0.1217157 0.005 0.005 -0.1382977 0.005 0.02209199 -0.145 0.005 0.008660254 -0.1279253 0.005 0.01173481 -0.1412178 0.005 0.00478254 -0.137217 0.005 0.02148477 -0.1445745 0.005 0.008400259 -0.1285341 0.005 0.0128146 -0.1414671 0.005 0.005214352 -0.1361678 0.005 0.02082473 -0.1441626 0.005 0.00811938 -0.1291956 0.005 0.01386287 -0.1417376 0.005 0.005633201 -0.1351525 0.005 0.02011349 -0.1437651 0.005 0.007818315 -0.1299084 0.005 0.01487707 -0.1420287 0.005 0.006038044 -0.1341738 0.005 0.01935281 -0.1433831 0.005 0.007497812 -0.1306705 0.005 0.01585468 -0.1423396 0.005 0.006427876 -0.133234 0.005 0.01854454 -0.1430176 0.005 0.007158669 -0.1314802 0.005 0.01679333 -0.1426695 0.005 0.006801727 -0.1323353 0.005 0.01769068 0.1219618 0.005 0.00500606 0.1219618 0.005 -0.00500606 0.1222073 0.005 -0.005024225 0.1222073 0.005 0.005024225 0.1224516 0.005 0.005054451 0.1224516 0.005 -0.005054451 0.1226941 0.005 -0.005096663 0.1229343 0.005 0.005150762 0.1229343 0.005 -0.005150762 0.1231715 0.005 0.005216615 0.1231715 0.005 -0.005216615 0.1234052 0.005 -0.005294063 0.1236347 0.005 0.005382917 0.1236347 0.005 -0.005382917 0.1238596 0.005 0.005482963 0.1238596 0.005 -0.005482963 0.1240794 0.005 0.005593957 0.1240794 0.005 -0.005593957 0.1242934 0.005 0.005715632 0.1242934 0.005 -0.005715632 0.1245011 0.005 0.005847692 0.1245011 0.005 -0.005847692 0.1247021 0.005 0.005989817 0.1247021 0.005 -0.005989817 0.1248959 0.005 -0.006141662 0.1250819 0.005 0.006302859 0.1250819 0.005 -0.006302859 0.1430176 0.005 -0.007158669 0.133234 0.005 -0.01854454 0.1323353 0.005 -0.01769068 0.1426695 0.005 -0.006801727 0.1314802 0.005 -0.01679333 0.1433831 0.005 -0.007497812 0.1341738 0.005 -0.01935281 0.1423396 0.005 -0.006427876 0.1306705 0.005 -0.01585468 0.1437651 0.005 -0.007818315 0.1351525 0.005 -0.02011349 0.1420287 0.005 -0.006038044 0.1299084 0.005 -0.01487707 0.1441626 0.005 -0.00811938 0.1361678 0.005 -0.02082473 0.1417376 0.005 -0.005633201 0.1291956 0.005 -0.01386287 0.1445745 0.005 -0.008400259 0.137217 0.005 -0.02148477 0.1414671 0.005 -0.005214352 0.1285341 0.005 -0.0128146 0.145 0.005 -0.008660254 0.1382977 0.005 -0.02209199 0.1412178 0.005 -0.00478254 0.1279253 0.005 -0.01173481 0.1454379 0.005 -0.008898718 0.1394072 0.005 -0.0226449 0.1409903 0.005 -0.004338838 0.1273707 0.005 -0.01062618 0.1458871 0.005 -0.009115059 0.1405426 0.005 -0.02314213 0.1407852 0.005 -0.003884348 0.1268718 0.005 -0.009491425 0.1463466 0.005 -0.009308738 0.1417014 0.005 -0.02358247 0.1406031 0.005 -0.003420202 0.1264298 0.005 -0.008333333 0.1468151 0.005 -0.009479274 0.1428805 0.005 -0.02396483 0.1404443 0.005 -0.002947552 0.126342 0.005 -0.008103335 0.1262431 0.005 -0.007877934 0.1472916 0.005 -0.009626243 0.1440772 0.005 -0.02428827 0.1403092 0.005 -0.002467574 0.1261331 0.005 -0.007657677 0.1477748 0.005 -0.009749279 0.1452884 0.005 -0.024552 0.1401983 0.005 -0.001981461 0.1260125 0.005 -0.007443098 0.1258814 0.005 -0.007234716 0.1482635 0.005 -0.009848078 0.1465112 0.005 -0.02475536 0.1401117 0.005 -0.001490423 0.1257403 0.005 -0.007033037 0.1487566 0.005 -0.009922392 0.1477425 0.005 -0.02489787 0.1400497 0.005 -0.0009956785 0.1255894 0.005 -0.00683855 0.1492527 0.005 -0.009972038 0.1489795 0.005 -0.02497916 0.1400124 0.005 -0.0004984589 0.1254291 0.005 -0.006651726 0.1252598 0.005 -0.006473018 0.1497507 0.005 -0.009996892 0.1502189 0.005 -0.02499904 0.14 0.005 -3.375078e-17 0.1252598 0.005 0.006473018 0.1502493 0.005 -0.009996892 0.1514578 0.005 -0.02495746 0.1400124 0.005 0.0004984589 0.1254291 0.005 0.006651726 0.1507473 0.005 -0.009972038 0.1526931 0.005 -0.02485452 0.1400497 0.005 0.0009956785 0.1512434 0.005 -0.009922392 0.1539218 0.005 -0.02469048 0.1401117 0.005 0.001490423 0.1517365 0.005 -0.009848078 0.1551408 0.005 -0.02446573 0.1401983 0.005 0.001981461 0.1260125 0.005 0.007443098 0.1261331 0.005 0.007657677 0.1522252 0.005 -0.009749279 0.1563472 0.005 -0.02418084 0.1403092 0.005 0.002467574 0.1262431 0.005 0.007877934 0.1527084 0.005 -0.009626243 0.157538 0.005 -0.02383649 0.1404443 0.005 0.002947552 0.126342 0.005 0.008103335 0.1264298 0.005 0.008333333 0.1531849 0.005 -0.009479274 0.1587103 0.005 -0.02343354 0.1406031 0.005 0.003420202 0.1268718 0.005 0.009491425 0.1536534 0.005 -0.009308738 0.1598611 0.005 -0.02297298 0.1407852 0.005 0.003884348 0.1273707 0.005 0.01062618 0.1541129 0.005 -0.009115059 0.1609877 0.005 -0.02245594 0.1409903 0.005 0.004338838 0.1279253 0.005 0.01173481 0.1545621 0.005 -0.008898718 0.1620873 0.005 -0.0218837 0.1412178 0.005 0.00478254 0.1285341 0.005 0.0128146 0.155 0.005 -0.008660254 0.1631572 0.005 -0.02125765 0.1414671 0.005 0.005214352 0.1291956 0.005 0.01386287 0.1554255 0.005 -0.008400259 0.1641947 0.005 -0.02057934 0.1417376 0.005 0.005633201 0.1299084 0.005 0.01487707 0.1558374 0.005 -0.00811938 0.1651974 0.005 -0.01985043 0.1420287 0.005 0.006038044 0.1306705 0.005 0.01585468 0.1562349 0.005 -0.007818315 0.1661627 0.005 -0.01907272 0.1423396 0.005 0.006427876 0.1314802 0.005 0.01679333 0.1566169 0.005 -0.007497812 0.1670882 0.005 -0.01824812 0.1426695 0.005 0.006801727 0.1569824 0.005 -0.007158669 0.1323353 0.005 0.01769068 0.1430176 0.005 0.007158669 0.1679717 0.005 -0.01737865 0.1573305 0.005 -0.006801727 0.133234 0.005 0.01854454 0.1433831 0.005 0.007497812 0.1688111 0.005 -0.01646646 0.1576604 0.005 -0.006427876 0.1341738 0.005 0.01935281 0.1437651 0.005 0.007818315 0.1696041 0.005 -0.01551379 0.1579713 0.005 -0.006038044 0.1351525 0.005 0.02011349 0.1441626 0.005 0.00811938 0.170349 0.005 -0.01452298 0.1582624 0.005 -0.005633201 0.1361678 0.005 0.02082473 0.1445745 0.005 0.008400259 0.1710439 0.005 -0.01349646 0.1585329 0.005 -0.005214352 0.137217 0.005 0.02148477 0.145 0.005 0.008660254 0.171687 0.005 -0.01243676 0.1587822 0.005 -0.00478254 0.1382977 0.005 0.02209199 0.1454379 0.005 0.008898718 0.1722768 0.005 -0.01134648 0.1590097 0.005 -0.004338838 0.1394072 0.005 0.0226449 0.1458871 0.005 0.009115059 0.1728119 0.005 -0.01022831 0.1592148 0.005 -0.003884348 0.1405426 0.005 0.02314213 0.1463466 0.005 0.009308738 0.1732908 0.005 -0.009084992 0.1593969 0.005 -0.003420202 0.1417014 0.005 0.02358247 0.1468151 0.005 0.009479274 0.1737125 0.005 -0.007919338 0.1595557 0.005 -0.002947552 0.1428805 0.005 0.02396483 0.1472916 0.005 0.009626243 0.1740759 0.005 -0.006734214 0.1596908 0.005 -0.002467574 0.1440772 0.005 0.02428827 0.1477748 0.005 0.009749279 0.1743801 0.005 -0.005532533 0.1598017 0.005 -0.001981461 0.1452884 0.005 0.024552 0.1482635 0.005 0.009848078 0.1746244 0.005 -0.004317251 0.1598883 0.005 -0.001490423 0.1465112 0.005 0.02475536 0.1487566 0.005 0.009922392 0.1748081 0.005 -0.003091355 0.1599503 0.005 -0.0009956785 0.1477425 0.005 0.02489787 0.1492527 0.005 0.009972038 0.1749309 0.005 -0.001857858 0.1599876 0.005 -0.0004984589 0.1489795 0.005 0.02497916 0.1497507 0.005 0.009996892 0.1749923 0.005 -0.000619794 0.16 0.005 0 0.1502189 0.005 0.02499904 0.1502493 0.005 0.009996892 0.1749923 0.005 0.000619794 0.1599876 0.005 0.0004984589 0.1514578 0.005 0.02495746 0.1507473 0.005 0.009972038 0.1749309 0.005 0.001857858 0.1599503 0.005 0.0009956785 0.1526931 0.005 0.02485452 0.1512434 0.005 0.009922392 0.1748081 0.005 0.003091355 0.1598883 0.005 0.001490423 0.1539218 0.005 0.02469048 0.1517365 0.005 0.009848078 0.1746244 0.005 0.004317251 0.1598017 0.005 0.001981461 0.1551408 0.005 0.02446573 0.1522252 0.005 0.009749279 0.1743801 0.005 0.005532533 0.1596908 0.005 0.002467574 0.1563472 0.005 0.02418084 0.1527084 0.005 0.009626243 0.1740759 0.005 0.006734214 0.1595557 0.005 0.002947552 0.157538 0.005 0.02383649 0.1531849 0.005 0.009479274 0.1737125 0.005 0.007919338 0.1593969 0.005 0.003420202 0.1587103 0.005 0.02343354 0.1536534 0.005 0.009308738 0.1732908 0.005 0.009084992 0.1592148 0.005 0.003884348 0.1598611 0.005 0.02297298 0.1541129 0.005 0.009115059 0.1728119 0.005 0.01022831 0.1590097 0.005 0.004338838 0.1609877 0.005 0.02245594 0.1545621 0.005 0.008898718 0.1722768 0.005 0.01134648 0.1587822 0.005 0.00478254 0.1620873 0.005 0.0218837 0.155 0.005 0.008660254 0.171687 0.005 0.01243676 0.1585329 0.005 0.005214352 0.1631572 0.005 0.02125765 0.1554255 0.005 0.008400259 0.1710439 0.005 0.01349646 0.1582624 0.005 0.005633201 0.1641947 0.005 0.02057934 0.1558374 0.005 0.00811938 0.170349 0.005 0.01452298 0.1579713 0.005 0.006038044 0.1651974 0.005 0.01985043 0.1562349 0.005 0.007818315 0.1696041 0.005 0.01551379 0.1576604 0.005 0.006427876 0.1661627 0.005 0.01907272 0.1566169 0.005 0.007497812 0.1688111 0.005 0.01646646 0.1573305 0.005 0.006801727 0.1670882 0.005 0.01824812 0.1569824 0.005 0.007158669 0.1679717 0.005 0.01737865 -0.1219618 -0.005 -0.00500606 -0.1224516 -0.005 -0.005054451 -0.1226941 -0.005 -0.005096663 -0.1229343 -0.005 -0.005150762 -0.1231715 -0.005 -0.005216615 -0.1234052 -0.005 -0.005294063 -0.1236347 -0.005 -0.005382917 -0.1242934 -0.005 -0.005715632 -0.1247021 -0.005 -0.005989817 -0.1248959 -0.005 -0.006141662 -0.1250819 -0.005 -0.006302859 -0.1254291 -0.005 -0.006651726 -0.1255894 -0.005 -0.00683855 -0.1257403 -0.005 -0.007033037 -0.1258814 -0.005 -0.007234716 -0.1260125 -0.005 -0.007443098 -0.1261331 -0.005 -0.007657677 -0.1262431 -0.005 -0.007877934 -0.126342 -0.005 -0.008103335 -0.1264298 -0.005 -0.008333333 0.1219618 -0.005 -0.00500606 0.1224516 -0.005 -0.005054451 0.1226941 -0.005 -0.005096663 0.1229343 -0.005 -0.005150762 0.1231715 -0.005 -0.005216615 0.1234052 -0.005 -0.005294063 0.1238596 -0.005 -0.005482963 0.1240794 -0.005 -0.005593957 0.1242934 -0.005 -0.005715632 0.1247021 -0.005 -0.005989817 0.1248959 -0.005 -0.006141662 0.1250819 -0.005 -0.006302859 0.1252598 -0.005 -0.006473018 0.1254291 -0.005 -0.006651726 0.1255894 -0.005 -0.00683855 0.1257403 -0.005 -0.007033037 0.1258814 -0.005 -0.007234716 0.1260125 -0.005 -0.007443098 0.1261331 -0.005 -0.007657677 0.1262431 -0.005 -0.007877934 0.126342 -0.005 -0.008103335 0.1264298 -0.005 -0.008333333 -0.1670882 -0.005 -0.01824812 -0.1569824 -0.005 -0.007158669 -0.1679717 -0.005 -0.01737865 -0.1573305 -0.005 -0.006801727 -0.1688111 -0.005 -0.01646646 -0.1566169 -0.005 -0.007497812 -0.1661627 -0.005 -0.01907272 -0.1576604 -0.005 -0.006427876 -0.1696041 -0.005 -0.01551379 -0.1651974 -0.005 -0.01985043 -0.1562349 -0.005 -0.007818315 -0.1579713 -0.005 -0.006038044 -0.170349 -0.005 -0.01452298 -0.1641947 -0.005 -0.02057934 -0.1558374 -0.005 -0.00811938 -0.1582624 -0.005 -0.005633201 -0.1710439 -0.005 -0.01349646 -0.1631572 -0.005 -0.02125765 -0.1554255 -0.005 -0.008400259 -0.1585329 -0.005 -0.005214352 -0.171687 -0.005 -0.01243676 -0.1620873 -0.005 -0.0218837 -0.155 -0.005 -0.008660254 -0.1587822 -0.005 -0.00478254 -0.1722768 -0.005 -0.01134648 -0.1609877 -0.005 -0.02245594 -0.1545621 -0.005 -0.008898718 -0.1590097 -0.005 -0.004338838 -0.1728119 -0.005 -0.01022831 -0.1598611 -0.005 -0.02297298 -0.1541129 -0.005 -0.009115059 -0.1592148 -0.005 -0.003884348 -0.1732908 -0.005 -0.009084992 -0.1536534 -0.005 -0.009308738 -0.1587103 -0.005 -0.02343354 -0.1593969 -0.005 -0.003420202 -0.1737125 -0.005 -0.007919338 -0.157538 -0.005 -0.02383649 -0.1531849 -0.005 -0.009479274 -0.1595557 -0.005 -0.002947552 -0.1740759 -0.005 -0.006734214 -0.1527084 -0.005 -0.009626243 -0.1563472 -0.005 -0.02418084 -0.1596908 -0.005 -0.002467574 -0.1743801 -0.005 -0.005532533 -0.1551408 -0.005 -0.02446573 -0.1522252 -0.005 -0.009749279 -0.1598017 -0.005 -0.001981461 -0.1746244 -0.005 -0.004317251 -0.1539218 -0.005 -0.02469048 -0.1517365 -0.005 -0.009848078 -0.1598883 -0.005 -0.001490423 -0.1748081 -0.005 -0.003091355 -0.1526931 -0.005 -0.02485452 -0.1512434 -0.005 -0.009922392 -0.1599503 -0.005 -0.0009956785 -0.1749309 -0.005 -0.001857858 -0.1514578 -0.005 -0.02495746 -0.1507473 -0.005 -0.009972038 -0.1599876 -0.005 -0.0004984589 -0.1749923 -0.005 -0.000619794 -0.1502493 -0.005 -0.009996892 -0.1502189 -0.005 -0.02499904 -0.16 -0.005 -3.552714e-17 -0.1749923 -0.005 0.000619794 -0.1489795 -0.005 -0.02497916 -0.1497507 -0.005 -0.009996892 -0.1599876 -0.005 0.0004984589 -0.1749309 -0.005 0.001857858 -0.1477425 -0.005 -0.02489787 -0.1492527 -0.005 -0.009972038 -0.1599503 -0.005 0.0009956785 -0.1748081 -0.005 0.003091355 -0.1465112 -0.005 -0.02475536 -0.1487566 -0.005 -0.009922392 -0.1598883 -0.005 0.001490423 -0.1746244 -0.005 0.004317251 -0.1452884 -0.005 -0.024552 -0.1482635 -0.005 -0.009848078 -0.1598017 -0.005 0.001981461 -0.1743801 -0.005 0.005532533 -0.1440772 -0.005 -0.02428827 -0.1477748 -0.005 -0.009749279 -0.1596908 -0.005 0.002467574 -0.1740759 -0.005 0.006734214 -0.1428805 -0.005 -0.02396483 -0.1472916 -0.005 -0.009626243 -0.1595557 -0.005 0.002947552 -0.1737125 -0.005 0.007919338 -0.1417014 -0.005 -0.02358247 -0.1468151 -0.005 -0.009479274 -0.1593969 -0.005 0.003420202 -0.1732908 -0.005 0.009084992 -0.1405426 -0.005 -0.02314213 -0.1463466 -0.005 -0.009308738 -0.1592148 -0.005 0.003884348 -0.1728119 -0.005 0.01022831 -0.1394072 -0.005 -0.0226449 -0.1458871 -0.005 -0.009115059 -0.1590097 -0.005 0.004338838 -0.1722768 -0.005 0.01134648 -0.1382977 -0.005 -0.02209199 -0.1454379 -0.005 -0.008898718 -0.1587822 -0.005 0.00478254 -0.171687 -0.005 0.01243676 -0.137217 -0.005 -0.02148477 -0.145 -0.005 -0.008660254 -0.1585329 -0.005 0.005214352 -0.1710439 -0.005 0.01349646 -0.1361678 -0.005 -0.02082473 -0.1445745 -0.005 -0.008400259 -0.1582624 -0.005 0.005633201 -0.170349 -0.005 0.01452298 -0.1441626 -0.005 -0.00811938 -0.1351525 -0.005 -0.02011349 -0.1579713 -0.005 0.006038044 -0.1696041 -0.005 0.01551379 -0.1341738 -0.005 -0.01935281 -0.1437651 -0.005 -0.007818315 -0.1576604 -0.005 0.006427876 -0.1688111 -0.005 0.01646646 -0.1433831 -0.005 -0.007497812 -0.133234 -0.005 -0.01854454 -0.1573305 -0.005 0.006801727 -0.1679717 -0.005 0.01737865 -0.1430176 -0.005 -0.007158669 -0.1323353 -0.005 -0.01769068 -0.1569824 -0.005 0.007158669 -0.1426695 -0.005 -0.006801727 -0.1670882 -0.005 0.01824812 -0.1566169 -0.005 0.007497812 -0.1314802 -0.005 -0.01679333 -0.1423396 -0.005 -0.006427876 -0.1661627 -0.005 0.01907272 -0.1562349 -0.005 0.007818315 -0.1306705 -0.005 -0.01585468 -0.1420287 -0.005 -0.006038044 -0.1651974 -0.005 0.01985043 -0.1558374 -0.005 0.00811938 -0.1299084 -0.005 -0.01487707 -0.1417376 -0.005 -0.005633201 -0.1641947 -0.005 0.02057934 -0.1554255 -0.005 0.008400259 -0.1291956 -0.005 -0.01386287 -0.1414671 -0.005 -0.005214352 -0.1631572 -0.005 0.02125765 -0.155 -0.005 0.008660254 -0.1285341 -0.005 -0.0128146 -0.1412178 -0.005 -0.00478254 -0.1545621 -0.005 0.008898718 -0.1620873 -0.005 0.0218837 -0.1279253 -0.005 -0.01173481 -0.1409903 -0.005 -0.004338838 -0.1609877 -0.005 0.02245594 -0.1541129 -0.005 0.009115059 -0.1273707 -0.005 -0.01062618 -0.1407852 -0.005 -0.003884348 -0.1598611 -0.005 0.02297298 -0.1536534 -0.005 0.009308738 -0.1268718 -0.005 -0.009491425 -0.1406031 -0.005 -0.003420202 -0.1587103 -0.005 0.02343354 -0.1531849 -0.005 0.009479274 -0.1404443 -0.005 -0.002947552 -0.1403092 -0.005 -0.002467574 -0.1401983 -0.005 -0.001981461 -0.1527084 -0.005 0.009626243 -0.157538 -0.005 0.02383649 -0.1401117 -0.005 -0.001490423 -0.1400497 -0.005 -0.0009956785 -0.1400124 -0.005 -0.0004984589 -0.1522252 -0.005 0.009749279 -0.1563472 -0.005 0.02418084 -0.1252598 -0.005 -0.006473018 -0.14 -0.005 0 -0.1551408 -0.005 0.02446573 -0.1517365 -0.005 0.009848078 -0.1539218 -0.005 0.02469048 -0.1512434 -0.005 0.009922392 -0.1526931 -0.005 0.02485452 -0.1507473 -0.005 0.009972038 -0.1514578 -0.005 0.02495746 -0.1502493 -0.005 0.009996892 -0.1502189 -0.005 0.02499904 -0.1497507 -0.005 0.009996892 -0.1489795 -0.005 0.02497916 -0.1492527 -0.005 0.009972038 -0.1477425 -0.005 0.02489787 -0.1487566 -0.005 0.009922392 -0.1465112 -0.005 0.02475536 -0.1482635 -0.005 0.009848078 -0.1452884 -0.005 0.024552 -0.1477748 -0.005 0.009749279 -0.1440772 -0.005 0.02428827 -0.1472916 -0.005 0.009626243 -0.1428805 -0.005 0.02396483 -0.1468151 -0.005 0.009479274 -0.1252598 -0.005 0.006473018 -0.1400124 -0.005 0.0004984589 -0.1250819 -0.005 0.006302859 -0.1254291 -0.005 0.006651726 -0.1248959 -0.005 0.006141662 -0.1255894 -0.005 0.00683855 -0.1400497 -0.005 0.0009956785 -0.1247021 -0.005 0.005989817 -0.1257403 -0.005 0.007033037 -0.1401117 -0.005 0.001490423 -0.1245011 -0.005 -0.005847692 -0.1245011 -0.005 0.005847692 -0.1258814 -0.005 0.007234716 -0.1401983 -0.005 0.001981461 -0.1242934 -0.005 0.005715632 -0.1260125 -0.005 0.007443098 -0.1238596 -0.005 -0.005482963 -0.1240794 -0.005 0.005593957 -0.1240794 -0.005 -0.005593957 -0.1261331 -0.005 0.007657677 -0.1403092 -0.005 0.002467574 -0.1238596 -0.005 0.005482963 -0.1262431 -0.005 0.007877934 -0.1404443 -0.005 0.002947552 -0.1236347 -0.005 0.005382917 -0.126342 -0.005 0.008103335 -0.1417014 -0.005 0.02358247 -0.1463466 -0.005 0.009308738 -0.1234052 -0.005 0.005294063 -0.1264298 -0.005 0.008333333 -0.1406031 -0.005 0.003420202 -0.1231715 -0.005 0.005216615 -0.1229343 -0.005 0.005150762 -0.1226941 -0.005 0.005096663 -0.1405426 -0.005 0.02314213 -0.1458871 -0.005 0.009115059 -0.1224516 -0.005 0.005054451 -0.1268718 -0.005 0.009491425 -0.1407852 -0.005 0.003884348 -0.1222073 -0.005 0.005024225 -0.1222073 -0.005 -0.005024225 -0.1219618 -0.005 0.00500606 -0.1394072 -0.005 0.0226449 -0.1454379 -0.005 0.008898718 -0.1273707 -0.005 0.01062618 -0.1409903 -0.005 0.004338838 -0.1217157 -0.005 0.005 -0.1382977 -0.005 0.02209199 -0.145 -0.005 0.008660254 -0.1279253 -0.005 0.01173481 -0.1412178 -0.005 0.00478254 -0.137217 -0.005 0.02148477 -0.1445745 -0.005 0.008400259 -0.1285341 -0.005 0.0128146 -0.1414671 -0.005 0.005214352 -0.1361678 -0.005 0.02082473 -0.1441626 -0.005 0.00811938 -0.1291956 -0.005 0.01386287 -0.1417376 -0.005 0.005633201 -0.1351525 -0.005 0.02011349 -0.1437651 -0.005 0.007818315 -0.1299084 -0.005 0.01487707 -0.1420287 -0.005 0.006038044 -0.1341738 -0.005 0.01935281 -0.1433831 -0.005 0.007497812 -0.1306705 -0.005 0.01585468 -0.1423396 -0.005 0.006427876 -0.133234 -0.005 0.01854454 -0.1430176 -0.005 0.007158669 -0.1314802 -0.005 0.01679333 -0.1426695 -0.005 0.006801727 -0.1323353 -0.005 0.01769068 0.1217157 -0.005 0.005 0.1219618 -0.005 0.00500606 0.1222073 -0.005 -0.005024225 0.1222073 -0.005 0.005024225 0.1224516 -0.005 0.005054451 0.1226941 -0.005 0.005096663 0.1229343 -0.005 0.005150762 0.1231715 -0.005 0.005216615 0.1234052 -0.005 0.005294063 0.1236347 -0.005 -0.005382917 0.1236347 -0.005 0.005382917 0.1238596 -0.005 0.005482963 0.1240794 -0.005 0.005593957 0.1242934 -0.005 0.005715632 0.1245011 -0.005 -0.005847692 0.1245011 -0.005 0.005847692 0.1247021 -0.005 0.005989817 0.1248959 -0.005 0.006141662 0.1250819 -0.005 0.006302859 0.133234 -0.005 -0.01854454 0.1430176 -0.005 -0.007158669 0.1323353 -0.005 -0.01769068 0.1426695 -0.005 -0.006801727 0.1314802 -0.005 -0.01679333 0.1433831 -0.005 -0.007497812 0.1341738 -0.005 -0.01935281 0.1423396 -0.005 -0.006427876 0.1306705 -0.005 -0.01585468 0.1351525 -0.005 -0.02011349 0.1437651 -0.005 -0.007818315 0.1420287 -0.005 -0.006038044 0.1299084 -0.005 -0.01487707 0.1361678 -0.005 -0.02082473 0.1441626 -0.005 -0.00811938 0.1417376 -0.005 -0.005633201 0.1291956 -0.005 -0.01386287 0.137217 -0.005 -0.02148477 0.1445745 -0.005 -0.008400259 0.1414671 -0.005 -0.005214352 0.1285341 -0.005 -0.0128146 0.1382977 -0.005 -0.02209199 0.145 -0.005 -0.008660254 0.1412178 -0.005 -0.00478254 0.1279253 -0.005 -0.01173481 0.1394072 -0.005 -0.0226449 0.1454379 -0.005 -0.008898718 0.1409903 -0.005 -0.004338838 0.1273707 -0.005 -0.01062618 0.1405426 -0.005 -0.02314213 0.1458871 -0.005 -0.009115059 0.1407852 -0.005 -0.003884348 0.1268718 -0.005 -0.009491425 0.1417014 -0.005 -0.02358247 0.1463466 -0.005 -0.009308738 0.1406031 -0.005 -0.003420202 0.1428805 -0.005 -0.02396483 0.1468151 -0.005 -0.009479274 0.1404443 -0.005 -0.002947552 0.1440772 -0.005 -0.02428827 0.1472916 -0.005 -0.009626243 0.1403092 -0.005 -0.002467574 0.1452884 -0.005 -0.024552 0.1477748 -0.005 -0.009749279 0.1401983 -0.005 -0.001981461 0.1465112 -0.005 -0.02475536 0.1482635 -0.005 -0.009848078 0.1401117 -0.005 -0.001490423 0.1477425 -0.005 -0.02489787 0.1487566 -0.005 -0.009922392 0.1400497 -0.005 -0.0009956785 0.1489795 -0.005 -0.02497916 0.1492527 -0.005 -0.009972038 0.1400124 -0.005 -0.0004984589 0.1502189 -0.005 -0.02499904 0.1497507 -0.005 -0.009996892 0.14 -0.005 -3.552714e-17 0.1252598 -0.005 0.006473018 0.1514578 -0.005 -0.02495746 0.1502493 -0.005 -0.009996892 0.1400124 -0.005 0.0004984589 0.1254291 -0.005 0.006651726 0.1255894 -0.005 0.00683855 0.1526931 -0.005 -0.02485452 0.1507473 -0.005 -0.009972038 0.1400497 -0.005 0.0009956785 0.1257403 -0.005 0.007033037 0.1539218 -0.005 -0.02469048 0.1512434 -0.005 -0.009922392 0.1401117 -0.005 0.001490423 0.1258814 -0.005 0.007234716 0.1551408 -0.005 -0.02446573 0.1517365 -0.005 -0.009848078 0.1260125 -0.005 0.007443098 0.1401983 -0.005 0.001981461 0.1261331 -0.005 0.007657677 0.1522252 -0.005 -0.009749279 0.1563472 -0.005 -0.02418084 0.1403092 -0.005 0.002467574 0.1262431 -0.005 0.007877934 0.1527084 -0.005 -0.009626243 0.157538 -0.005 -0.02383649 0.1404443 -0.005 0.002947552 0.126342 -0.005 0.008103335 0.1264298 -0.005 0.008333333 0.1531849 -0.005 -0.009479274 0.1587103 -0.005 -0.02343354 0.1406031 -0.005 0.003420202 0.1268718 -0.005 0.009491425 0.1536534 -0.005 -0.009308738 0.1598611 -0.005 -0.02297298 0.1407852 -0.005 0.003884348 0.1273707 -0.005 0.01062618 0.1541129 -0.005 -0.009115059 0.1609877 -0.005 -0.02245594 0.1409903 -0.005 0.004338838 0.1279253 -0.005 0.01173481 0.1620873 -0.005 -0.0218837 0.1545621 -0.005 -0.008898718 0.1412178 -0.005 0.00478254 0.1285341 -0.005 0.0128146 0.155 -0.005 -0.008660254 0.1631572 -0.005 -0.02125765 0.1414671 -0.005 0.005214352 0.1291956 -0.005 0.01386287 0.1641947 -0.005 -0.02057934 0.1554255 -0.005 -0.008400259 0.1417376 -0.005 0.005633201 0.1299084 -0.005 0.01487707 0.1651974 -0.005 -0.01985043 0.1558374 -0.005 -0.00811938 0.1420287 -0.005 0.006038044 0.1306705 -0.005 0.01585468 0.1661627 -0.005 -0.01907272 0.1562349 -0.005 -0.007818315 0.1423396 -0.005 0.006427876 0.1314802 -0.005 0.01679333 0.1670882 -0.005 -0.01824812 0.1566169 -0.005 -0.007497812 0.1426695 -0.005 0.006801727 0.1569824 -0.005 -0.007158669 0.1323353 -0.005 0.01769068 0.1430176 -0.005 0.007158669 0.1679717 -0.005 -0.01737865 0.1573305 -0.005 -0.006801727 0.1433831 -0.005 0.007497812 0.133234 -0.005 0.01854454 0.1688111 -0.005 -0.01646646 0.1576604 -0.005 -0.006427876 0.1341738 -0.005 0.01935281 0.1437651 -0.005 0.007818315 0.1696041 -0.005 -0.01551379 0.1579713 -0.005 -0.006038044 0.1351525 -0.005 0.02011349 0.1441626 -0.005 0.00811938 0.170349 -0.005 -0.01452298 0.1582624 -0.005 -0.005633201 0.1361678 -0.005 0.02082473 0.1445745 -0.005 0.008400259 0.1710439 -0.005 -0.01349646 0.1585329 -0.005 -0.005214352 0.137217 -0.005 0.02148477 0.145 -0.005 0.008660254 0.171687 -0.005 -0.01243676 0.1587822 -0.005 -0.00478254 0.1382977 -0.005 0.02209199 0.1454379 -0.005 0.008898718 0.1722768 -0.005 -0.01134648 0.1590097 -0.005 -0.004338838 0.1458871 -0.005 0.009115059 0.1394072 -0.005 0.0226449 0.1728119 -0.005 -0.01022831 0.1592148 -0.005 -0.003884348 0.1463466 -0.005 0.009308738 0.1405426 -0.005 0.02314213 0.1732908 -0.005 -0.009084992 0.1593969 -0.005 -0.003420202 0.1417014 -0.005 0.02358247 0.1468151 -0.005 0.009479274 0.1737125 -0.005 -0.007919338 0.1595557 -0.005 -0.002947552 0.1428805 -0.005 0.02396483 0.1472916 -0.005 0.009626243 0.1740759 -0.005 -0.006734214 0.1596908 -0.005 -0.002467574 0.1440772 -0.005 0.02428827 0.1477748 -0.005 0.009749279 0.1743801 -0.005 -0.005532533 0.1598017 -0.005 -0.001981461 0.1452884 -0.005 0.024552 0.1482635 -0.005 0.009848078 0.1746244 -0.005 -0.004317251 0.1598883 -0.005 -0.001490423 0.1465112 -0.005 0.02475536 0.1487566 -0.005 0.009922392 0.1748081 -0.005 -0.003091355 0.1599503 -0.005 -0.0009956785 0.1477425 -0.005 0.02489787 0.1492527 -0.005 0.009972038 0.1749309 -0.005 -0.001857858 0.1599876 -0.005 -0.0004984589 0.1489795 -0.005 0.02497916 0.1497507 -0.005 0.009996892 0.1749923 -0.005 -0.000619794 0.16 -0.005 0 0.1502493 -0.005 0.009996892 0.1502189 -0.005 0.02499904 0.1749923 -0.005 0.000619794 0.1599876 -0.005 0.0004984589 0.1514578 -0.005 0.02495746 0.1507473 -0.005 0.009972038 0.1749309 -0.005 0.001857858 0.1599503 -0.005 0.0009956785 0.1512434 -0.005 0.009922392 0.1526931 -0.005 0.02485452 0.1748081 -0.005 0.003091355 0.1598883 -0.005 0.001490423 0.1539218 -0.005 0.02469048 0.1517365 -0.005 0.009848078 0.1746244 -0.005 0.004317251 0.1598017 -0.005 0.001981461 0.1522252 -0.005 0.009749279 0.1551408 -0.005 0.02446573 0.1743801 -0.005 0.005532533 0.1596908 -0.005 0.002467574 0.1527084 -0.005 0.009626243 0.1563472 -0.005 0.02418084 0.1740759 -0.005 0.006734214 0.1595557 -0.005 0.002947552 0.157538 -0.005 0.02383649 0.1531849 -0.005 0.009479274 0.1737125 -0.005 0.007919338 0.1593969 -0.005 0.003420202 0.1587103 -0.005 0.02343354 0.1536534 -0.005 0.009308738 0.1732908 -0.005 0.009084992 0.1592148 -0.005 0.003884348 0.1541129 -0.005 0.009115059 0.1598611 -0.005 0.02297298 0.1728119 -0.005 0.01022831 0.1590097 -0.005 0.004338838 0.1609877 -0.005 0.02245594 0.1545621 -0.005 0.008898718 0.1722768 -0.005 0.01134648 0.1587822 -0.005 0.00478254 0.155 -0.005 0.008660254 0.1620873 -0.005 0.0218837 0.171687 -0.005 0.01243676 0.1585329 -0.005 0.005214352 0.1631572 -0.005 0.02125765 0.1554255 -0.005 0.008400259 0.1710439 -0.005 0.01349646 0.1582624 -0.005 0.005633201 0.1641947 -0.005 0.02057934 0.1558374 -0.005 0.00811938 0.170349 -0.005 0.01452298 0.1579713 -0.005 0.006038044 0.1651974 -0.005 0.01985043 0.1562349 -0.005 0.007818315 0.1696041 -0.005 0.01551379 0.1576604 -0.005 0.006427876 0.1661627 -0.005 0.01907272 0.1566169 -0.005 0.007497812 0.1688111 -0.005 0.01646646 0.1573305 -0.005 0.006801727 0.1670882 -0.005 0.01824812 0.1569824 -0.005 0.007158669 0.1679717 -0.005 0.01737865 -0.1222073 0.005 0.005024225 -0.1226941 0.005 0.005096663 -0.1231715 0.005 0.005216615 -0.1234052 0.005 0.005294063 -0.1245011 0.005 0.005847692 -0.1250819 0.005 0.006302859 -0.1260125 0.005 0.007443098 0.1258814 0.005 0.007234716 0.1257403 0.005 0.007033037 0.1255894 0.005 0.00683855 0.1248959 0.005 0.006141662 0.1234052 0.005 0.005294063 0.1226941 0.005 0.005096663 0.1217157 0.005 0.005</float_array>
          <technique_common>
            <accessor count="1160" source="#cubeverts-array0-array" stride="3">
              <param type="float" name="X"/>
              <param type="float" name="Y"/>
              <param type="float" name="Z"/>
            </accessor>
          </technique_common>
        </source>
        <source id="cubenormals-array0">
          <float_array count="6972" id="cubenormals-array0-array">0 0 -1 0 0 -1 0 1 0 0 1 0 0 1 0 0 1 0 0 1 0 0 1 0 0 1 0 0 1 0 0 1 0 0 1 0 0 1 0 0 1 0 0 1 0 0 1 0 0 1 0 0 1 0 0 1 0 0 1 0 0 1 0 0 1 0 0 1 0 0 1 0 0 1 0 0 1 0 0 1 0 0 1 0 0 1 0 0 1 0 0 1 0 0 1 0 0 1 0 0 1 0 0 1 0 0 1 0 0 1 0 0 1 0 0 1 0 0 1 0 0 1 0 0 1 0 0 1 0 0 1 0 0 1 0 0 1 0 0 1 0 0 1 0 0 1 0 0 1 0 0 1 0 0 1 0 0 1 0 0 1 0 0 1 0 0 1 0 0 1 0 0 1 0 0 1 0 0 1 0 0 1 0 0 1 0 0 1 0 0 1 0 0 1 0 0 1 0 0 1 0 0 1 0 0 1 0 0 1 0 0 1 0 0 1 0 0 1 0 0 1 0 0 1 0 0 1 0 0 1 0 0 1 0 0 1 0 0 1 0 0 1 0 0 1 0 0 1 0 0 1 0 0 1 0 0 1 0 0 1 0 0 1 0 0 1 0 0 1 0 0 1 0 0 1 0 0 1 0 0 1 0 0 1 0 0 1 0 0 1 0 0 1 0 0 1 0 0 1 0 0 1 0 0 1 0 0 1 0 0 1 0 0 1 0 0 1 0 0 1 0 0 1 0 0 1 0 0 1 0 0 1 0 0 1 0 0 1 0 0 1 0 0 1 0 0 1 0 0 1 0 0 1 0 0 1 0 0 1 0 0 1 0 0 1 0 0 1 0 0 1 0 0 1 0 0 1 0 0 1 0 0 1 0 0 1 0 0 1 0 0 1 0 0 1 0 0 1 0 0 1 0 0 1 0 0 1 0 0 1 0 0 1 0 0 1 0 0 1 0 0 1 0 0 1 0 0 1 0 0 1 0 0 1 0 0 1 0 0 1 0 0 1 0 0 1 0 0 1 0 0 1 0 0 1 0 0 1 0 0 1 0 0 1 0 0 1 0 0 1 0 0 1 0 0 1 0 0 1 0 0 1 0 0 1 0 0 1 0 0 1 0 0 1 0 0 1 0 0 1 0 0 1 0 0 1 0 0 1 0 0 1 0 0 1 0 0 1 0 0 1 0 0 1 0 0 1 0 0 1 0 0 1 0 0 1 0 0 1 0 0 1 0 0 1 0 0 1 0 0 1 0 0 1 0 0 1 0 0 1 0 0 1 0 0 1 0 0 1 0 0 1 0 0 1 0 0 1 0 0 1 0 0 1 0 0 1 0 0 1 0 0 1 0 0 1 0 0 1 0 0 1 0 0 1 0 0 1 0 0 1 0 0 1 0 0 1 0 0 1 0 0 1 0 0 1 0 0 1 0 0 1 0 0 1 0 0 1 0 0 1 0 0 1 0 0 1 0 0 1 0 0 1 0 0 1 0 0 1 0 0 1 0 0 1 0 0 1 0 0 1 0 0 1 0 0 1 0 0 1 0 0 1 0 0 1 0 0 1 0 0 1 0 0 1 0 0 1 0 0 1 0 0 1 0 0 1 0 0 1 0 0 1 0 0 1 0 0 1 0 0 1 0 0 1 0 0 1 0 0 1 0 0 1 0 0 1 0 0 1 0 0 1 0 0 1 0 0 1 0 0 1 0 0 1 0 0 1 0 0 1 0 0 1 0 0 1 0 0 1 0 0 1 0 0 1 0 0 1 0 0 1 0 0 1 0 0 1 0 0 1 0 0 1 0 0 1 0 0 1 0 0 1 0 0 1 0 0 1 0 0 1 0 0 1 0 0 1 0 0 1 0 0 1 0 0 1 0 0 1 0 0 1 0 0 1 0 0 1 0 0 1 0 0 1 0 0 1 0 0 1 0 0 1 0 0 1 0 0 1 0 0 1 0 0 1 0 0 1 0 0 1 0 0 1 0 0 1 0 0 1 0 0 1 0 0 1 0 0 1 0 0 1 0 0 1 0 0 1 0 0 1 0 0 1 0 0 1 0 0 1 0 0 1 0 0 1 0 0 1 0 0 1 0 0 1 0 0 1 0 0 1 0 0 1 0 0 1 0 0 1 0 0 1 0 0 1 0 0 1 0 0 1 0 0 1 0 0 1 0 0 1 0 0 1 0 0 1 0 0 1 0 0 1 0 0 1 0 0 1 0 0 1 0 0 1 0 0 1 0 0 1 0 0 1 0 0 1 0 0 1 0 0 1 0 0 1 0 0 1 0 0 1 0 0 1 0 0 1 0 0 1 0 0 1 0 0 1 0 0 1 0 0 1 0 0 1 0 0 1 0 0 1 0 0 1 0 0 1 0 0 1 0 0 1 0 0 1 0 0 1 0 0 1 0 0 1 0 0 1 0 0 1 0 0 1 0 0 1 0 0 1 0 0 1 0 0 1 0 0 1 0 0 1 0 0 1 0 0 1 0 0 1 0 0 1 0 0 1 0 0 1 0 0 1 0 0 1 0 0 1 0 0 1 0 0 1 0 0 1 0 0 1 0 0 1 0 0 1 0 0 1 0 0 1 0 0 1 0 0 1 0 0 1 0 0 1 0 0 1 0 0 1 0 0 1 0 0 1 0 0 1 0 0 1 0 0 1 0 0 1 0 0 1 0 0 1 0 0 1 0 0 1 0 0 1 0 0 1 0 0 1 0 0 1 0 0 1 0 0 1 0 0 1 0 0 1 0 0 1 0 0 1 0 0 1 0 0 1 0 0 1 0 0 1 0 0 1 0 0 1 0 0 1 0 0 1 0 0 1 0 0 1 0 0 1 0 0 1 0 0 1 0 0 1 0 0 1 0 0 1 0 0 1 0 0 1 0 0 1 0 0 1 0 0 1 0 0 1 0 0 1 0 0 1 0 0 1 0 0 1 0 0 1 0 0 1 0 0 1 0 0 1 0 0 1 0 0 1 0 0 1 0 0 1 0 0 1 0 0 1 0 0 1 0 0 1 0 0 1 0 0 1 0 0 1 0 0 1 0 0 1 0 0 1 0 0 1 0 0 1 0 0 1 0 0 1 0 0 1 0 0 1 0 0 1 0 0 1 0 0 1 0 0 1 0 0 1 0 0 1 0 0 1 0 0 1 0 0 1 0 0 1 0 0 1 0 0 1 0 0 1 0 0 1 0 0 1 0 0 1 0 0 1 0 0 1 0 0 1 0 0 1 0 0 1 0 0 1 0 0 1 0 0 1 0 0 1 0 0 1 0 0 1 0 0 1 0 0 1 0 0 1 0 0 1 0 0 1 0 0 1 0 0 1 0 0 1 0 0 1 0 0 1 0 0 1 0 0 1 0 0 1 0 0 1 0 0 1 0 0 1 0 0 1 0 0 1 0 0 1 0 0 1 0 0 1 0 0 1 0 0 1 0 0 1 0 0 1 0 0 1 0 0 1 0 0 1 0 0 1 0 0 1 0 0 1 0 0 1 0 0 1 0 0 1 0 0 1 0 0 1 0 0 1 0 0 1 0 0 1 0 0 1 0 0 1 0 0 1 0 0 1 0 0 1 0 0 1 0 0 1 0 0 1 0 0 1 0 0 1 0 0 1 0 0 1 0 0 1 0 0 1 0 0 1 0 0 1 0 0 1 0 0 1 0 0 1 0 0 1 0 0 1 0 0 1 0 0 1 0 0 1 0 0 1 0 0 1 0 0 1 0 0 1 0 0 1 0 0 1 0 0 1 0 0 1 0 0 1 0 0 1 0 0 1 0 0 1 0 0 1 0 0 1 0 0 1 0 0 1 0 0 1 0 0 1 0 0 1 0 0 1 0 0 1 0 0 1 0 0 1 0 0 1 0 0 1 0 0 1 0 0 1 0 0 1 0 0 1 0 0 1 0 0 1 0 0 1 0 0 1 0 0 1 0 0 1 0 0 1 0 0.02461586 0 -0.999697 0.02461586 0 -0.999697 0.07379327 0 -0.9972736 0.07379327 0 -0.9972736 0.1227835 0 -0.9924335 0.1714792 0 -0.9851878 0.1227835 0 -0.9924335 0.2197692 0 -0.9755519 0.1714792 0 -0.9851878 0.2197692 0 -0.9755519 0.2675112 0 -0.9635547 0.3146147 0 -0.9492195 0.2675112 0 -0.9635547 0.3146147 0 -0.9492195 0.3609451 0 -0.9325871 0.3609451 0 -0.9325871 0.4064223 0 -0.9136854 0.4064223 0 -0.9136854 0.4508871 0 -0.892581 0.4508871 0 -0.892581 0.4942731 0 -0.8693067 0.4942731 0 -0.8693067 0.5364732 0 -0.8439173 0.5364732 0 -0.8439173 0.5773468 0 -0.816499 0.5773468 0 -0.816499 0.6168365 0 -0.7870912 0.6168365 0 -0.7870912 0.6548226 0 -0.7557825 0.6548226 0 -0.7557825 0.6912356 0 -0.7226294 0.6912356 0 -0.7226294 0.7259651 0 -0.6877316 0.7589385 0 -0.6511624 0.7259651 0 -0.6877316 0.7589385 0 -0.6511624 0.7900571 0 -0.6130333 0.7900571 0 -0.6130333 0.8192771 0 -0.5733977 0.8192771 0 -0.5733977 0.8464993 0 -0.5323899 0.8464993 0 -0.5323899 0.8716884 0 -0.4900606 0.8947465 0 -0.4465742 0.8716884 0 -0.4900606 0.8947465 0 -0.4465742 0.9156375 0 -0.402005 0.9156375 0 -0.402005 0.9343256 0 -0.3564206 0.9343256 0 -0.3564206 -0.02461586 0 -0.999697 -0.02461586 0 -0.999697 -0.07379327 0 -0.9972736 -0.07379327 0 -0.9972736 -0.1227835 0 -0.9924335 -0.1227835 0 -0.9924335 -0.1714792 0 -0.9851878 -0.1714792 0 -0.9851878 -0.2197692 0 -0.9755519 -0.2197692 0 -0.9755519 -0.2675112 0 -0.9635547 -0.3146147 0 -0.9492195 -0.2675112 0 -0.9635547 -0.3146147 0 -0.9492195 -0.3609451 0 -0.9325871 -0.4064223 0 -0.9136854 -0.3609451 0 -0.9325871 -0.4064223 0 -0.9136854 -0.4508871 0 -0.892581 -0.4508871 0 -0.892581 -0.4942731 0 -0.8693067 -0.4942731 0 -0.8693067 -0.5364732 0 -0.8439173 -0.5364732 0 -0.8439173 -0.5773468 0 -0.816499 -0.5773468 0 -0.816499 -0.6168365 0 -0.7870912 -0.6168365 0 -0.7870912 -0.6548226 0 -0.7557825 -0.6548226 0 -0.7557825 -0.6912356 0 -0.7226294 -0.7259651 0 -0.6877316 -0.6912356 0 -0.7226294 -0.7259651 0 -0.6877316 -0.7589385 0 -0.6511624 -0.7589385 0 -0.6511624 -0.7900571 0 -0.6130333 -0.7900571 0 -0.6130333 -0.8192771 0 -0.5733977 -0.8192771 0 -0.5733977 -0.8464993 0 -0.5323899 -0.8464993 0 -0.5323899 -0.8716884 0 -0.4900606 -0.8947465 0 -0.4465742 -0.8716884 0 -0.4900606 -0.8947465 0 -0.4465742 -0.9156375 0 -0.402005 -0.9343256 0 -0.3564206 -0.9156375 0 -0.402005 -0.9343256 0 -0.3564206 0 -1 0 -0 -1 0 0 -1 0 0 -1 0 0 -1 0 -0 -1 0 0 -1 0 0 -1 0 0 -1 0 -0 -1 0 0 -1 0 0 -1 0 0 -1 0 -0 -1 0 0 -1 0 0 -1 0 0 -1 0 -0 -1 0 0 -1 0 0 -1 0 0 -1 0 0 -1 0 -0 -1 0 0 -1 0 0 -1 0 0 -1 0 -0 -1 0 0 -1 0 0 -1 0 -0 -1 0 0 -1 0 0 -1 0 0 -1 0 -0 -1 0 0 -1 0 0 -1 0 0 -1 0 -0 -1 0 0 -1 0 0 -1 0 0 -1 0 -0 -1 0 0 -1 0 0 -1 0 0 -1 0 -0 -1 0 0 -1 0 0 -1 0 0 -1 0 -0 -1 0 0 -1 0 0 -1 0 0 -1 0 -0 -1 0 0 -1 0 0 -1 0 0 -1 0 -0 -1 0 0 -1 0 0 -1 0 0 -1 0 -0 -1 0 0 -1 0 -0 -1 0 0 -1 0 0 -1 0 0 -1 0 -0 -1 0 0 -1 0 0 -1 0 0 -1 0 -0 -1 0 0 -1 0 0 -1 0 0 -1 0 -0 -1 0 0 -1 0 0 -1 0 0 -1 0 -0 -1 0 0 -1 0 0 -1 0 0 -1 0 -0 -1 0 0 -1 0 0 -1 0 0 -1 0 -0 -1 0 0 -1 0 0 -1 0 0 -1 0 -0 -1 0 0 -1 0 0 -1 0 0 -1 0 -0 -1 0 0 -1 0 0 -1 0 0 -1 0 -0 -1 0 0 -1 0 0 -1 0 0 -1 0 -0 -1 0 0 -1 0 0 -1 0 0 -1 0 -0 -1 0 0 -1 0 0 -1 0 0 -1 0 0 -1 0 -0 -1 0 0 -1 0 0 -1 0 -0 -1 0 0 -1 0 0 -1 0 0 -1 0 0 -1 0 -0 -1 0 0 -1 0 0 -1 0 0 -1 0 0 -1 0 0 -1 0 0 -1 0 0 -1 0 -0 -1 0 0 -1 0 0 -1 0 0 -1 0 -0 -1 0 0 -1 0 0 -1 0 0 -1 0 -0 -1 0 0 -1 0 0 -1 0 0 -1 0 -0 -1 0 0 -1 0 0 -1 0 0 -1 0 -0 -1 0 0 -1 0 0 -1 0 -0 -1 0 0 -1 0 0 -1 0 0 -1 0 0 -1 0 -0 -1 0 0 -1 0 0 -1 0 0 -1 0 -0 -1 0 0 -1 0 0 -1 0 0 -1 0 -0 -1 0 0 -1 0 0 -1 0 0 -1 0 0 -1 0 0 -1 0 0 -1 0 0 -1 0 -0 -1 0 0 -1 0 0 -1 0 0 -1 0 0 -1 0 0 -1 0 0 -1 0 0 -1 0 0 -1 0 -0 -1 0 0 -1 0 0 -1 0 0 -1 0 0 -1 0 0 -1 0 0 -1 0 -0 -1 0 0 -1 0 -0 -1 0 0 -1 0 -0 -1 0 0 -1 0 -0 -1 0 0 -1 0 0 -1 0 0 -1 0 0 -1 0 0 -1 0 0 -1 0 0 -1 0 0 -1 0 0 -1 0 0 -1 0 0 -1 0 0 -1 0 0 -1 0 0 -1 0 0 -1 0 0 -1 0 0 -1 0 -0 -1 0 -0 -1 0 0 -1 0 -0 -1 0 0 -1 0 -0 -1 0 0 -1 0 0 -1 0 -0 -1 0 -0 -1 0 0 -1 0 0 -1 0 -0 -1 0 -0 -1 0 0 -1 0 -0 -1 0 -0 -1 0 -0 -1 0 0 -1 0 0 -1 0 -0 -1 0 0 -1 0 0 -1 0 -0 -1 0 -0 -1 0 -0 -1 0 0 -1 0 -0 -1 0 0 -1 0 0 -1 0 -0 -1 0 0 -1 0 -0 -1 0 0 -1 0 0 -1 0 -0 -1 0 -0 -1 0 0 -1 0 0 -1 0 0 -1 0 0 -1 0 0 -1 0 -0 -1 0 0 -1 0 -0 -1 0 0 -1 0 -0 -1 0 -0 -1 0 0 -1 0 0 -1 0 0 -1 0 -0 -1 0 0 -1 0 -0 -1 0 0 -1 0 0 -1 0 0 -1 0 -0 -1 0 0 -1 0 0 -1 0 0 -1 0 -0 -1 0 0 -1 0 0 -1 0 0 -1 0 0 -1 0 -0 -1 0 0 -1 0 0 -1 0 -0 -1 0 0 -1 0 0 -1 0 0 -1 0 -0 -1 0 0 -1 0 0 -1 0 0 -1 0 -0 -1 0 0 -1 0 0 -1 0 -0 -1 0 0 -1 0 0 -1 0 0 -1 0 0 -1 0 0 -1 0 0 -1 0 0 -1 0 0 -1 0 0 -1 0 0 -1 0 0 -1 0 0 -1 0 0 -1 0 0 -1 0 0 -1 0 0 -1 0 0 -1 0 0 -1 0 0 -1 0 0 -1 0 0 -1 0 0 -1 0 0 -1 0 0 -1 0 0 -1 0 0 -1 0 0 -1 0 0 -1 0 0 -1 0 0 -1 0 0 -1 0 0 -1 0 0 -1 0 0 -1 0 -0 -1 0 0 -1 0 0 -1 0 0 -1 0 -0 -1 0 0 -1 0 0 -1 0 0 -1 0 -0 -1 0 0 -1 0 0 -1 0 0 -1 0 -0 -1 0 0 -1 0 0 -1 0 0 -1 0 -0 -1 0 0 -1 0 0 -1 0 0 -1 0 -0 -1 0 0 -1 0 0 -1 0 0 -1 0 -0 -1 0 0 -1 0 0 -1 0 0 -1 0 -0 -1 0 0 -1 0 0 -1 0 0 -1 0 -0 -1 0 0 -1 0 0 -1 0 0 -1 0 0 -1 0 0 -1 0 -0 -1 0 0 -1 0 0 -1 0 -0 -1 0 0 -1 0 0 -1 0 0 -1 0 0 -1 0 0 -1 0 -0 -1 0 0 -1 0 0 -1 0 -0 -1 0 0 -1 0 0 -1 0 0 -1 0 0 -1 0 -0 -1 0 0 -1 0 0 -1 0 0 -1 0 0 -1 0 -0 -1 0 0 -1 0 0 -1 0 0 -1 0 -0 -1 0 0 -1 0 0 -1 0 -0 -1 0 0 -1 0 0 -1 0 0 -1 0 0 -1 0 -0 -1 0 0 -1 0 0 -1 0 0 -1 0 -0 -1 0 0 -1 0 0 -1 0 0 -1 0 -0 -1 0 0 -1 0 0 -1 0 0 -1 0 0 -1 0 0 -1 0 -0 -1 0 0 -1 0 0 -1 0 0 -1 0 -0 -1 0 0 -1 0 0 -1 0 0 -1 0 0 -1 0 -0 -1 0 0 -1 0 0 -1 0 0 -1 0 -0 -1 0 0 -1 0 0 -1 0 0 -1 0 -0 -1 0 0 -1 0 0 -1 0 -0 -1 0 0 -1 0 0 -1 0 0 -1 0 0 -1 0 -0 -1 0 0 -1 0 0 -1 0 -0 -1 0 0 -1 0 0 -1 0 0 -1 0 -0 -1 0 0 -1 0 0 -1 0 0 -1 0 -0 -1 0 0 -1 0 0 -1 0 0 -1 0 -0 -1 0 0 -1 0 0 -1 0 0 -1 0 0 -1 0 0 -1 0 0 -1 0 0 -1 0 -0 -1 0 0 -1 0 0 -1 0 0 -1 0 0 -1 0 -0 -1 0 0 -1 0 0 -1 0 0 -1 0 -0 -1 0 0 -1 0 0 -1 0 0 -1 0 -0 -1 0 0 -1 0 0 -1 0 0 -1 0 -0 -1 0 0 -1 0 0 -1 0 0 -1 0 -0 -1 0 0 -1 0 0 -1 0 -0 -1 0 0 -1 0 0 -1 0 0 -1 0 -0 -1 0 0 -1 0 0 -1 0 0 -1 0 0 -1 0 -0 -1 0 0 -1 0 0 -1 0 0 -1 0 -0 -1 0 0 -1 0 0 -1 0 0 -1 0 -0 -1 0 0 -1 0 0 -1 0 0 -1 0 -0 -1 0 0 -1 0 0 -1 0 0 -1 0 -0 -1 0 0 -1 0 0 -1 0 0 -1 0 -0 -1 0 0 -1 0 0 -1 0 0 -1 0 -0 -1 0 0 -1 0 0 -1 0 0 -1 0 0 -1 0 0 -1 0 0 -1 0 0 -1 0 0 -1 0 0 -1 0 -0 -1 0 0 -1 0 0 -1 0 0 -1 0 -0 -1 0 0 -1 0 0 -1 0 0 -1 0 -0 -1 0 0 -1 0 0 -1 0 0 -1 0 -0 -1 0 0 -1 0 0 -1 0 0 -1 0 -0 -1 0 0 -1 0 0 -1 0 0 -1 0 -0 -1 0 0 -1 0 0 -1 0 0 -1 0 -0 -1 0 0 -1 0 0 -1 0 0 -1 0 -0 -1 0 0 -1 0 0 -1 0 0 -1 0 -0 -1 0 0 -1 0 0 -1 0 0 -1 0 -0 -1 0 0 -1 0 0 -1 0 -0 -1 0 0 -1 0 0 -1 0 0 -1 0 -0 -1 0 0 -1 0 0 -1 0 0 -1 0 0 -1 0 -0 -1 0 0 -1 0 0 -1 0 -0 -1 0 0 -1 0 0 -1 0 0 -1 0 -0 -1 0 0 -1 0 0 -1 0 0.9342542 0 0.3566077 0.9342542 0 0.3566077 0.9154315 0 0.4024739 0.9154315 0 0.4024739 0.894354 0 0.4473598 0.894354 0 0.4473598 0.871081 0 0.4911394 0.871081 0 0.4911394 0.8456689 0 0.5337079 0.8181686 -0 0.5749784 0.8456689 0 0.5337079 0.8181686 0 0.5749784 0.7886632 0 0.6148254 0.7572209 -0 0.6531588 0.7886632 0 0.6148254 0.7572209 0 0.6531588 0.7239132 0 0.689891 0.7239132 0 0.689891 0.6888213 0 0.7249312 0.6888213 0 0.7249312 0.6520508 0 0.7581753 0.6520508 0 0.7581753 0.6136596 0 0.7895706 0.6136596 0 0.7895706 0.57377 0 0.8190164 0.57377 0 0.8190164 0.5324664 0 0.8464512 0.5324664 0 0.8464512 0.4898573 0 0.8718026 0.4898573 0 0.8718026 0.4460389 0 0.8950136 0.4460389 0 0.8950136 0.4011294 0 0.9160213 0.4011294 0 0.9160213 0.3552305 0 0.9347787 0.3552305 0 0.9347787 0.3084539 0 0.9512392 0.3084539 0 0.9512392 0.2609273 0 0.9653584 0.2609273 0 0.9653584 0.2127548 0 0.9771056 0.2127548 0 0.9771056 0.1640586 0 0.9864506 0.1640586 0 0.9864506 0.1149621 0 0.9933698 0.1149621 0 0.9933698 0.06557902 0 0.9978474 0.06557902 0 0.9978474 0.0160394 0 0.9998714 0.0160394 0 0.9998714 -0.03354353 0 0.9994372 -0.03354353 0 0.9994372 -0.08304344 0 0.9965459 -0.08304344 0 0.9965459 -0.1323373 0 0.9912047 -0.1323373 0 0.9912047 -0.1813081 0 0.9834263 -0.1813081 0 0.9834263 -0.2298317 0 0.9732304 -0.2777908 0 0.9606416 -0.2298317 0 0.9732304 -0.2777908 0 0.9606416 -0.3250639 0 0.9456921 -0.3250639 0 0.9456921 -0.371544 0 0.9284153 -0.371544 0 0.9284153 -0.4171039 0 0.9088588 -0.4171039 0 0.9088588 -0.4616433 0 0.8870656 -0.4616433 0 0.8870656 -0.505045 0 0.863093 -0.5472104 0 0.8369951 -0.505045 0 0.863093 -0.5880218 0 0.808845 -0.5472104 0 0.8369951 -0.5880218 0 0.808845 -0.6273925 0 0.7787032 -0.665226 0 0.746642 -0.6273925 0 0.7787032 -0.665226 0 0.746642 -0.7014108 0 0.7127571 -0.7014108 0 0.7127571 -0.7358804 0 0.6771115 -0.7358804 0 0.6771115 -0.7685396 0 0.6398023 -0.7685396 0 0.6398023 -0.7993112 0 0.6009175 -0.7993112 0 0.6009175 -0.8281111 0 0.560564 -0.8281111 0 0.560564 -0.8548814 0 0.5188234 -0.8548814 0 0.5188234 -0.8795462 0 0.4758136 -0.8795462 0 0.4758136 -0.9020538 0 0.4316235 -0.9020538 0 0.4316235 -0.9223375 0 0.3863851 -0.9223375 0 0.3863851 -0.9403576 0 0.3401875 -0.9403576 0 0.3401875 -0.956062 0 0.2931644 -0.956062 0 0.2931644 -0.969418 0 0.2454154 -0.969418 0 0.2454154 -0.9803931 0 0.1970518 -0.9803931 0 0.1970518 -0.9889545 0 0.1482194 -0.9889545 0 0.1482194 -0.9950857 0 0.09901811 -0.9950857 0 0.09901811 -0.9987713 0 0.04955835 -0.9987713 0 0.04955835 -1 -0 -0 -1 0 0 -0.9987713 0 -0.04955835 -0.9987713 0 -0.04955835 -0.9950857 -0 -0.09901811 -0.9950857 0 -0.09901811 -0.9889545 -0 -0.1482194 -0.9889545 0 -0.1482194 -0.9803931 0 -0.1970518 -0.9803931 0 -0.1970518 -0.969418 0 -0.2454154 -0.969418 -0 -0.2454154 -0.956062 0 -0.2931644 -0.956062 -0 -0.2931644 -0.9403576 0 -0.3401875 -0.9403576 -0 -0.3401875 -0.9223375 0 -0.3863851 -0.9223375 -0 -0.3863851 -0.9020538 0 -0.4316235 -0.9020538 -0 -0.4316235 -0.8795462 0 -0.4758136 -0.8548814 0 -0.5188234 -0.8795462 -0 -0.4758136 -0.8548814 0 -0.5188234 -0.8281111 0 -0.560564 -0.8281111 0 -0.560564 -0.7993112 -0 -0.6009175 -0.7993112 0 -0.6009175 -0.7685396 -0 -0.6398023 -0.7685396 0 -0.6398023 -0.7358804 0 -0.6771115 -0.7358804 0 -0.6771115 -0.7014108 -0 -0.7127571 -0.7014108 0 -0.7127571 -0.665226 -0 -0.746642 -0.665226 0 -0.746642 -0.6273925 -0 -0.7787032 -0.6273925 0 -0.7787032 -0.5880218 -0 -0.808845 -0.5880218 0 -0.808845 -0.5472104 -0 -0.8369951 -0.5472104 0 -0.8369951 -0.505045 0 -0.863093 -0.505045 0 -0.863093 -0.4616433 -0 -0.8870656 -0.4616433 0 -0.8870656 -0.4171039 -0 -0.9088588 -0.4171039 0 -0.9088588 -0.371544 0 -0.9284153 -0.371544 0 -0.9284153 -0.3250639 -0 -0.9456921 -0.3250639 0 -0.9456921 -0.2777908 0 -0.9606416 -0.2777908 0 -0.9606416 -0.2298317 -0 -0.9732304 -0.2298317 0 -0.9732304 -0.1813081 0 -0.9834263 -0.1813081 0 -0.9834263 -0.1323373 -0 -0.9912047 -0.1323373 0 -0.9912047 -0.08304344 -0 -0.9965459 -0.08304344 0 -0.9965459 -0.03354353 0 -0.9994372 -0.03354353 -0 -0.9994372 0.0160394 0 -0.9998714 0.0160394 0 -0.9998714 0.06557902 0 -0.9978474 0.06557902 0 -0.9978474 0.1149621 0 -0.9933698 0.1149621 0 -0.9933698 0.1640586 0 -0.9864506 0.1640586 0 -0.9864506 0.2127548 0 -0.9771056 0.2127548 0 -0.9771056 0.2609273 0 -0.9653584 0.2609273 0 -0.9653584 0.3084539 0 -0.9512392 0.3084539 0 -0.9512392 0.3552305 0 -0.9347787 0.3552305 0 -0.9347787 0.4011294 0 -0.9160213 0.4011294 0 -0.9160213 0.4460389 0 -0.8950136 0.4460389 0 -0.8950136 0.4898573 0 -0.8718026 0.4898573 0 -0.8718026 0.5324664 0 -0.8464512 0.57377 0 -0.8190164 0.5324664 0 -0.8464512 0.6136596 0 -0.7895706 0.57377 0 -0.8190164 0.6136596 0 -0.7895706 0.6520508 0 -0.7581753 0.6520508 0 -0.7581753 0.6888213 0 -0.7249312 0.7239132 0 -0.689891 0.6888213 0 -0.7249312 0.7239132 0 -0.689891 0.7572209 0 -0.6531588 0.7886632 0 -0.6148254 0.7572209 0 -0.6531588 0.7886632 0 -0.6148254 0.8181686 0 -0.5749784 0.8181686 0 -0.5749784 0.8456689 0 -0.5337079 0.8456689 0 -0.5337079 0.871081 0 -0.4911394 0.871081 0 -0.4911394 0.894354 0 -0.4473598 0.894354 0 -0.4473598 0.9154315 0 -0.4024739 0.9154315 0 -0.4024739 0.9342542 0 -0.3566077 0.9342542 0 -0.3566077 -0.9342542 -0 -0.3566077 -0.9342542 0 -0.3566077 -0.9154315 0 -0.4024739 -0.9154315 -0 -0.4024739 -0.894354 0 -0.4473598 -0.894354 -0 -0.4473598 -0.871081 0 -0.4911394 -0.871081 -0 -0.4911394 -0.8456689 0 -0.5337079 -0.8181686 0 -0.5749784 -0.8456689 -0 -0.5337079 -0.8181686 0 -0.5749784 -0.7886632 0 -0.6148254 -0.7886632 -0 -0.6148254 -0.7572209 0 -0.6531588 -0.7572209 -0 -0.6531588 -0.7239132 0 -0.689891 -0.7239132 -0 -0.689891 -0.6888213 0 -0.7249312 -0.6888213 -0 -0.7249312 -0.6520508 0 -0.7581753 -0.6520508 -0 -0.7581753 -0.6136596 0 -0.7895706 -0.6136596 -0 -0.7895706 -0.57377 0 -0.8190164 -0.5324664 0 -0.8464512 -0.57377 -0 -0.8190164 -0.5324664 0 -0.8464512 -0.4898573 0 -0.8718026 -0.4460389 0 -0.8950136 -0.4898573 -0 -0.8718026 -0.4460389 0 -0.8950136 -0.4011294 0 -0.9160213 -0.4011294 -0 -0.9160213 -0.3552305 0 -0.9347787 -0.3084539 0 -0.9512392 -0.3552305 -0 -0.9347787 -0.3084539 0 -0.9512392 -0.2609273 -0 -0.9653584 -0.2609273 0 -0.9653584 -0.2127548 -0 -0.9771056 -0.2127548 0 -0.9771056 -0.1640586 0 -0.9864506 -0.1640586 0 -0.9864506 -0.1149621 0 -0.9933698 -0.1149621 0 -0.9933698 -0.06557902 -0 -0.9978474 -0.06557902 0 -0.9978474 -0.0160394 -0 -0.9998714 -0.0160394 0 -0.9998714 0.03354353 0 -0.9994372 0.03354353 0 -0.9994372 0.08304344 0 -0.9965459 0.08304344 0 -0.9965459 0.1323373 0 -0.9912047 0.1323373 0 -0.9912047 0.1813081 0 -0.9834263 0.1813081 0 -0.9834263 0.2298317 0 -0.9732304 0.2298317 0 -0.9732304 0.2777908 0 -0.9606416 0.2777908 0 -0.9606416 0.3250639 0 -0.9456921 0.3250639 0 -0.9456921 0.371544 0 -0.9284153 0.371544 0 -0.9284153 0.4171039 0 -0.9088588 0.4171039 0 -0.9088588 0.4616433 0 -0.8870656 0.4616433 0 -0.8870656 0.505045 0 -0.863093 0.5472104 0 -0.8369951 0.505045 0 -0.863093 0.5472104 0 -0.8369951 0.5880218 0 -0.808845 0.6273925 0 -0.7787032 0.5880218 0 -0.808845 0.6273925 0 -0.7787032 0.665226 0 -0.746642 0.665226 0 -0.746642 0.7014108 0 -0.7127571 0.7014108 0 -0.7127571 0.7358804 0 -0.6771115 0.7358804 0 -0.6771115 0.7685396 0 -0.6398023 0.7685396 0 -0.6398023 0.7993112 0 -0.6009175 0.7993112 0 -0.6009175 0.8281111 0 -0.560564 0.8281111 0 -0.560564 0.8548814 0 -0.5188234 0.8548814 0 -0.5188234 0.8795462 0 -0.4758136 0.8795462 0 -0.4758136 0.9020538 0 -0.4316235 0.9020538 0 -0.4316235 0.9223375 0 -0.3863851 0.9223375 0 -0.3863851 0.9403576 0 -0.3401875 0.9403576 0 -0.3401875 0.956062 0 -0.2931644 0.956062 0 -0.2931644 0.969418 0 -0.2454154 0.969418 0 -0.2454154 0.9803931 0 -0.1970518 0.9803931 0 -0.1970518 0.9889545 0 -0.1482194 0.9889545 0 -0.1482194 0.9950857 0 -0.09901811 0.9950857 0 -0.09901811 0.9987713 0 -0.04955835 0.9987713 0 -0.04955835 1 0 0 1 0 -0 0.9987713 0 0.04955835 0.9987713 0 0.04955835 0.9950857 -0 0.09901811 0.9950857 0 0.09901811 0.9889545 0 0.1482194 0.9889545 0 0.1482194 0.9803931 -0 0.1970518 0.9803931 0 0.1970518 0.969418 0 0.2454154 0.969418 0 0.2454154 0.956062 0 0.2931644 0.956062 0 0.2931644 0.9403576 0 0.3401875 0.9223375 -0 0.3863851 0.9403576 0 0.3401875 0.9223375 0 0.3863851 0.9020538 0 0.4316235 0.9020538 0 0.4316235 0.8795462 0 0.4758136 0.8795462 0 0.4758136 0.8548814 0 0.5188234 0.8548814 0 0.5188234 0.8281111 0 0.560564 0.8281111 0 0.560564 0.7993112 0 0.6009175 0.7993112 0 0.6009175 0.7685396 -0 0.6398023 0.7685396 0 0.6398023 0.7358804 0 0.6771115 0.7358804 0 0.6771115 0.7014108 0 0.7127571 0.7014108 0 0.7127571 0.665226 -0 0.746642 0.665226 0 0.746642 0.6273925 0 0.7787032 0.6273925 0 0.7787032 0.5880218 0 0.808845 0.5880218 0 0.808845 0.5472104 0 0.8369951 0.5472104 0 0.8369951 0.505045 -0 0.863093 0.505045 0 0.863093 0.4616433 0 0.8870656 0.4616433 0 0.8870656 0.4171039 0 0.9088588 0.4171039 0 0.9088588 0.371544 -0 0.9284153 0.371544 0 0.9284153 0.3250639 0 0.9456921 0.3250639 0 0.9456921 0.2777908 -0 0.9606416 0.2777908 0 0.9606416 0.2298317 0 0.9732304 0.2298317 0 0.9732304 0.1813081 0 0.9834263 0.1813081 0 0.9834263 0.1323373 0 0.9912047 0.1323373 0 0.9912047 0.08304344 -0 0.9965459 0.08304344 0 0.9965459 0.03354353 0 0.9994372 0.03354353 0 0.9994372 -0.0160394 0 0.9998714 -0.0160394 0 0.9998714 -0.06557902 0 0.9978474 -0.06557902 0 0.9978474 -0.1149621 0 0.9933698 -0.1149621 0 0.9933698 -0.1640586 0 0.9864506 -0.1640586 0 0.9864506 -0.2127548 0 0.9771056 -0.2127548 0 0.9771056 -0.2609273 0 0.9653584 -0.2609273 0 0.9653584 -0.3084539 0 0.9512392 -0.3084539 0 0.9512392 -0.3552305 0 0.9347787 -0.3552305 0 0.9347787 -0.4011294 0 0.9160213 -0.4011294 0 0.9160213 -0.4460389 0 0.8950136 -0.4460389 0 0.8950136 -0.4898573 0 0.8718026 -0.4898573 0 0.8718026 -0.5324664 0 0.8464512 -0.5324664 0 0.8464512 -0.57377 0 0.8190164 -0.57377 0 0.8190164 -0.6136596 0 0.7895706 -0.6136596 0 0.7895706 -0.6520508 0 0.7581753 -0.6520508 0 0.7581753 -0.6888213 0 0.7249312 -0.7239132 0 0.689891 -0.6888213 0 0.7249312 -0.7239132 0 0.689891 -0.7572209 0 0.6531588 -0.7572209 0 0.6531588 -0.7886632 0 0.6148254 -0.7886632 0 0.6148254 -0.8181686 0 0.5749784 -0.8181686 0 0.5749784 -0.8456689 0 0.5337079 -0.8456689 0 0.5337079 -0.871081 0 0.4911394 -0.871081 0 0.4911394 -0.894354 0 0.4473598 -0.894354 0 0.4473598 -0.9154315 0 0.4024739 -0.9154315 0 0.4024739 -0.9342542 0 0.3566077 -0.9342542 0 0.3566077 0.02461586 -0 0.999697 0.07379327 -0 0.9972736 0.02461586 -0 0.999697 0.07379327 -0 0.9972736 0.1227835 -0 0.9924335 0.1227835 0 0.9924335 0.1714792 -0 0.9851878 0.2197692 -0 0.9755519 0.1714792 0 0.9851878 0.2197692 -0 0.9755519 0.2675112 -0 0.9635547 0.3146147 -0 0.9492195 0.2675112 0 0.9635547 0.3609451 -0 0.9325871 0.3146147 -0 0.9492195 0.3609451 -0 0.9325871 0.4064223 -0 0.9136854 0.4508871 -0 0.892581 0.4064223 0 0.9136854 0.4942731 -0 0.8693067 0.4508871 -0 0.892581 0.4942731 -0 0.8693067 0.5364732 0 0.8439173 0.5364732 -0 0.8439173 0.5773468 0 0.816499 0.5773468 -0 0.816499 0.6168365 -0 0.7870912 0.6168365 0 0.7870912 0.6548226 -0 0.7557825 0.6548226 -0 0.7557825 0.6912356 -0 0.7226294 0.6912356 0 0.7226294 0.7259651 -0 0.6877316 0.7259651 0 0.6877316 0.7589385 -0 0.6511624 0.7589385 0 0.6511624 0.7900571 -0 0.6130333 0.7900571 0 0.6130333 0.8192771 -0 0.5733977 0.8192771 0 0.5733977 0.8464993 -0 0.5323899 0.8464993 0 0.5323899 0.8716884 -0 0.4900606 0.8947465 -0 0.4465742 0.8716884 0 0.4900606 0.8947465 -0 0.4465742 0.9156375 -0 0.402005 0.9156375 0 0.402005 0.9343256 -0 0.3564206 0.9343256 0 0.3564206 -0.9343256 0 0.3564206 -0.9343256 0 0.3564206 -0.9156375 0 0.402005 -0.9156375 0 0.402005 -0.8947465 0 0.4465742 -0.8947465 0 0.4465742 -0.8716884 0 0.4900606 -0.8716884 0 0.4900606 -0.8464993 0 0.5323899 -0.8464993 0 0.5323899 -0.8192771 0 0.5733977 -0.7900571 0 0.6130333 -0.8192771 0 0.5733977 -0.7900571 0 0.6130333 -0.7589385 0 0.6511624 -0.7589385 0 0.6511624 -0.7259651 0 0.6877316 -0.6912356 0 0.7226294 -0.7259651 0 0.6877316 -0.6912356 0 0.7226294 -0.6548226 0 0.7557825 -0.6548226 0 0.7557825 -0.6168365 0 0.7870912 -0.6168365 0 0.7870912 -0.5773468 0 0.816499 -0.5773468 0 0.816499 -0.5364732 0 0.8439173 -0.5364732 0 0.8439173 -0.4942731 0 0.8693067 -0.4942731 0 0.8693067 -0.4508871 0 0.892581 -0.4508871 0 0.892581 -0.4064223 0 0.9136854 -0.3609451 0 0.9325871 -0.4064223 0 0.9136854 -0.3609451 0 0.9325871 -0.3146147 0 0.9492195 -0.3146147 0 0.9492195 -0.2675112 0 0.9635547 -0.2675112 0 0.9635547 -0.2197692 0 0.9755519 -0.2197692 0 0.9755519 -0.1714792 0 0.9851878 -0.1227835 0 0.9924335 -0.1714792 0 0.9851878 -0.1227835 0 0.9924335 -0.07379327 0 0.9972736 -0.02461586 0 0.999697 -0.07379327 0 0.9972736 -0.02461586 0 0.999697 0 0 1 0 0 1 -0.9996889 0 -0.02494096 -0.9996889 -0 -0.02494096 -0.9972037 -0 -0.0747311 -0.99224 -0 -0.1243377 -0.9972037 0 -0.0747311 -0.99224 -0 -0.1243377 -0.9848095 -0 -0.1736384 -0.9749236 -0 -0.2225398 -0.9848095 0 -0.1736384 -0.9749236 -0 -0.2225398 -0.9626266 -0 -0.270832 -0.9626266 0 -0.270832 -0.9479296 -0 -0.31848 -0.9308769 -0 -0.365333 -0.9479296 0 -0.31848 -0.9308769 -0 -0.365333 -0.9115024 -0 -0.4112947 -0.9115024 0 -0.4112947 -0.8898676 -0 -0.4562189 -0.8898676 0 -0.4562189 -0.8660331 0 -0.4999867 -0.8660331 -0 -0.4999867 -0.8400241 -0 -0.5425491 -0.8400241 -0 -0.5425491 -0.8119391 0 -0.5837422 -0.8119391 -0 -0.5837422 -0.7818296 0 -0.6234921 -0.7818296 -0 -0.6234921 -0.7497814 -0 -0.6616856 -0.7158577 -0 -0.6982462 -0.7497814 0 -0.6616856 -0.7158577 -0 -0.6982462 -0.6801733 -0 -0.7330514 -0.6801733 0 -0.7330514 -0.6427904 -0 -0.7660421 -0.6038045 -0 -0.7971326 -0.6427904 0 -0.7660421 -0.6038045 -0 -0.7971326 -0.5633218 -0 -0.8262376 -0.5633218 0 -0.8262376 -0.5214378 -0 -0.8532894 -0.5214378 0 -0.8532894 -0.4782502 -0 -0.8782237 -0.4782502 0 -0.8782237 -0.4338859 -0 -0.9009678 -0.4338859 0 -0.9009678 -0.388437 -0 -0.9214752 -0.388437 0 -0.9214752 -0.3420152 -0 -0.9396945 -0.3420152 0 -0.9396945 -0.2947583 -0 -0.9555718 -0.2947583 0 -0.9555718 -0.2467546 -0 -0.9690779 -0.2467546 0 -0.9690779 -0.1981483 -0 -0.9801721 -0.1490422 -0 -0.9888308 -0.1981483 0 -0.9801721 -0.1490422 -0 -0.9888308 -0.09956811 -0 -0.9950308 -0.09956811 0 -0.9950308 -0.04984642 -0 -0.9987568 -0.04984642 0 -0.9987568 0 0 -1 0 0 -1 0.04984642 0 -0.9987568 0.04984642 0 -0.9987568 0.09956811 0 -0.9950308 0.09956811 0 -0.9950308 0.1490422 0 -0.9888308 0.1490422 0 -0.9888308 0.1981483 0 -0.9801721 0.1981483 0 -0.9801721 0.2467546 0 -0.9690779 0.2947583 0 -0.9555718 0.2467546 0 -0.9690779 0.2947583 0 -0.9555718 0.3420152 0 -0.9396945 0.3420152 0 -0.9396945 0.388437 0 -0.9214752 0.388437 0 -0.9214752 0.4338859 0 -0.9009678 0.4338859 0 -0.9009678 0.4782502 0 -0.8782237 0.4782502 0 -0.8782237 0.5214378 0 -0.8532894 0.5214378 0 -0.8532894 0.5633218 0 -0.8262376 0.5633218 0 -0.8262376 0.6038045 0 -0.7971326 0.6038045 0 -0.7971326 0.6427904 0 -0.7660421 0.6427904 0 -0.7660421 0.6801733 0 -0.7330514 0.6801733 0 -0.7330514 0.7158577 0 -0.6982462 0.7158577 0 -0.6982462 0.7497814 0 -0.6616856 0.7497814 0 -0.6616856 0.7818296 0 -0.6234921 0.8119391 0 -0.5837422 0.7818296 0 -0.6234921 0.8119391 0 -0.5837422 0.8400241 0 -0.5425491 0.8660331 0 -0.4999867 0.8400241 0 -0.5425491 0.8660331 0 -0.4999867 0.8898676 0 -0.4562189 0.9115024 0 -0.4112947 0.8898676 0 -0.4562189 0.9115024 0 -0.4112947 0.9308769 0 -0.365333 0.9308769 0 -0.365333 0.9479296 0 -0.31848 0.9626266 0 -0.270832 0.9479296 0 -0.31848 0.9626266 0 -0.270832 0.9749236 0 -0.2225398 0.9749236 0 -0.2225398 0.9848095 0 -0.1736384 0.9848095 0 -0.1736384 0.99224 0 -0.1243377 0.99224 0 -0.1243377 0.9972037 0 -0.0747311 0.9972037 0 -0.0747311 0.9996889 0 -0.02494096 0.9996889 4.430405e-18 -0.02494096 0.9996889 -4.430405e-18 0.02494096 0.9996889 0 0.02494096 0.9972037 0 0.0747311 0.9972037 0 0.0747311 0.99224 0 0.1243377 0.99224 0 0.1243377 0.9848095 0 0.1736384 0.9848095 0 0.1736384 0.9749236 0 0.2225398 0.9749236 0 0.2225398 0.9626266 0 0.270832 0.9626266 0 0.270832 0.9479296 0 0.31848 0.9479296 0 0.31848 0.9308769 0 0.365333 0.9308769 0 0.365333 0.9115024 0 0.4112947 0.9115024 0 0.4112947 0.8898676 0 0.4562189 0.8898676 0 0.4562189 0.8660331 0 0.4999867 0.8660331 0 0.4999867 0.8400241 0 0.5425491 0.8400241 0 0.5425491 0.8119391 0 0.5837422 0.8119391 0 0.5837422 0.7818296 0 0.6234921 0.7818296 0 0.6234921 0.7497814 0 0.6616856 0.7497814 0 0.6616856 0.7158577 0 0.6982462 0.7158577 0 0.6982462 0.6801733 0 0.7330514 0.6801733 0 0.7330514 0.6427904 0 0.7660421 0.6427904 0 0.7660421 0.6038045 0 0.7971326 0.6038045 0 0.7971326 0.5633218 0 0.8262376 0.5633218 0 0.8262376 0.5214378 0 0.8532894 0.5214378 0 0.8532894 0.4782502 0 0.8782237 0.4782502 0 0.8782237 0.4338859 0 0.9009678 0.4338859 0 0.9009678 0.388437 0 0.9214752 0.388437 0 0.9214752 0.3420152 0 0.9396945 0.3420152 0 0.9396945 0.2947583 0 0.9555718 0.2947583 0 0.9555718 0.2467546 0 0.9690779 0.2467546 0 0.9690779 0.1981483 0 0.9801721 0.1981483 0 0.9801721 0.1490422 0 0.9888308 0.1490422 0 0.9888308 0.09956811 0 0.9950308 0.09956811 0 0.9950308 0.04984642 0 0.9987568 0.04984642 0 0.9987568 0 0 1 0 0 1 -0.04984642 0 0.9987568 -0.04984642 0 0.9987568 -0.09956811 0 0.9950308 -0.09956811 0 0.9950308 -0.1490422 0 0.9888308 -0.1490422 0 0.9888308 -0.1981483 0 0.9801721 -0.1981483 0 0.9801721 -0.2467546 0 0.9690779 -0.2467546 0 0.9690779 -0.2947583 0 0.9555718 -0.2947583 0 0.9555718 -0.3420152 0 0.9396945 -0.3420152 0 0.9396945 -0.388437 0 0.9214752 -0.388437 0 0.9214752 -0.4338859 0 0.9009678 -0.4782502 0 0.8782237 -0.4338859 0 0.9009678 -0.4782502 0 0.8782237 -0.5214378 0 0.8532894 -0.5214378 0 0.8532894 -0.5633218 0 0.8262376 -0.5633218 0 0.8262376 -0.6038045 0 0.7971326 -0.6038045 0 0.7971326 -0.6427904 0 0.7660421 -0.6427904 0 0.7660421 -0.6801733 0 0.7330514 -0.6801733 0 0.7330514 -0.7158577 0 0.6982462 -0.7158577 0 0.6982462 -0.7497814 0 0.6616856 -0.7497814 0 0.6616856 -0.7818296 0 0.6234921 -0.7818296 0 0.6234921 -0.8119391 0 0.5837422 -0.8119391 0 0.5837422 -0.8400241 0 0.5425491 -0.8400241 0 0.5425491 -0.8660331 0 0.4999867 -0.8660331 0 0.4999867 -0.8898676 0 0.4562189 -0.8898676 0 0.4562189 -0.9115024 0 0.4112947 -0.9115024 0 0.4112947 -0.9308769 0 0.365333 -0.9479296 0 0.31848 -0.9308769 0 0.365333 -0.9479296 0 0.31848 -0.9626266 0 0.270832 -0.9626266 0 0.270832 -0.9749236 0 0.2225398 -0.9749236 0 0.2225398 -0.9848095 0 0.1736384 -0.9848095 0 0.1736384 -0.99224 0 0.1243377 -0.99224 0 0.1243377 -0.9972037 0 0.0747311 -0.9996889 0 0.02494096 -0.9972037 0 0.0747311 -0.9996889 0 0.02494096 -0.9996889 0 -0.02494096 -0.9996889 -0 -0.02494096 -0.9972037 -0 -0.0747311 -0.99224 -0 -0.1243377 -0.9972037 0 -0.0747311 -0.99224 -0 -0.1243377 -0.9848095 -0 -0.1736384 -0.9749236 -0 -0.2225398 -0.9848095 0 -0.1736384 -0.9749236 -0 -0.2225398 -0.9626266 -0 -0.270832 -0.9626266 0 -0.270832 -0.9479296 -0 -0.31848 -0.9308769 -0 -0.365333 -0.9479296 0 -0.31848 -0.9308769 -0 -0.365333 -0.9115024 -0 -0.4112947 -0.9115024 0 -0.4112947 -0.8898676 -0 -0.4562189 -0.8898676 0 -0.4562189 -0.8660331 0 -0.4999867 -0.8660331 -0 -0.4999867 -0.8400241 -0 -0.5425491 -0.8400241 -0 -0.5425491 -0.8119391 0 -0.5837422 -0.8119391 -0 -0.5837422 -0.7818296 0 -0.6234921 -0.7818296 -0 -0.6234921 -0.7497814 -0 -0.6616856 -0.7158577 -0 -0.6982462 -0.7497814 0 -0.6616856 -0.7158577 -0 -0.6982462 -0.6801733 -0 -0.7330514 -0.6801733 0 -0.7330514 -0.6427904 -0 -0.7660421 -0.6038045 -0 -0.7971326 -0.6427904 0 -0.7660421 -0.6038045 -0 -0.7971326 -0.5633218 -0 -0.8262376 -0.5633218 0 -0.8262376 -0.5214378 -0 -0.8532894 -0.5214378 0 -0.8532894 -0.4782502 -0 -0.8782237 -0.4782502 0 -0.8782237 -0.4338859 -0 -0.9009678 -0.4338859 0 -0.9009678 -0.388437 -0 -0.9214752 -0.388437 0 -0.9214752 -0.3420152 -0 -0.9396945 -0.3420152 0 -0.9396945 -0.2947583 -0 -0.9555718 -0.2947583 0 -0.9555718 -0.2467546 -0 -0.9690779 -0.2467546 0 -0.9690779 -0.1981483 -0 -0.9801721 -0.1490422 -0 -0.9888308 -0.1981483 0 -0.9801721 -0.1490422 -0 -0.9888308 -0.09956811 -0 -0.9950308 -0.09956811 0 -0.9950308 -0.04984642 -0 -0.9987568 -0.04984642 0 -0.9987568 0 0 -1 0 0 -1 0.04984642 0 -0.9987568 0.04984642 0 -0.9987568 0.09956811 0 -0.9950308 0.09956811 0 -0.9950308 0.1490422 0 -0.9888308 0.1490422 0 -0.9888308 0.1981483 0 -0.9801721 0.1981483 0 -0.9801721 0.2467546 0 -0.9690779 0.2947583 0 -0.9555718 0.2467546 0 -0.9690779 0.2947583 0 -0.9555718 0.3420152 0 -0.9396945 0.3420152 0 -0.9396945 0.388437 0 -0.9214752 0.388437 0 -0.9214752 0.4338859 0 -0.9009678 0.4338859 0 -0.9009678 0.4782502 0 -0.8782237 0.4782502 0 -0.8782237 0.5214378 0 -0.8532894 0.5214378 0 -0.8532894 0.5633218 0 -0.8262376 0.5633218 0 -0.8262376 0.6038045 0 -0.7971326 0.6038045 0 -0.7971326 0.6427904 0 -0.7660421 0.6427904 0 -0.7660421 0.6801733 0 -0.7330514 0.6801733 0 -0.7330514 0.7158577 0 -0.6982462 0.7158577 0 -0.6982462 0.7497814 0 -0.6616856 0.7497814 0 -0.6616856 0.7818296 0 -0.6234921 0.8119391 0 -0.5837422 0.7818296 0 -0.6234921 0.8119391 0 -0.5837422 0.8400241 0 -0.5425491 0.8660331 0 -0.4999867 0.8400241 0 -0.5425491 0.8660331 0 -0.4999867 0.8898676 0 -0.4562189 0.9115024 0 -0.4112947 0.8898676 0 -0.4562189 0.9115024 0 -0.4112947 0.9308769 0 -0.365333 0.9308769 0 -0.365333 0.9479296 0 -0.31848 0.9626266 0 -0.270832 0.9479296 0 -0.31848 0.9626266 0 -0.270832 0.9749236 0 -0.2225398 0.9749236 0 -0.2225398 0.9848095 0 -0.1736384 0.9848095 0 -0.1736384 0.99224 0 -0.1243377 0.99224 0 -0.1243377 0.9972037 0 -0.0747311 0.9972037 0 -0.0747311 0.9996889 0 -0.02494096 0.9996889 4.430405e-18 -0.02494096 0.9996889 -4.430405e-18 0.02494096 0.9996889 0 0.02494096 0.9972037 0 0.0747311 0.9972037 0 0.0747311 0.99224 0 0.1243377 0.99224 0 0.1243377 0.9848095 0 0.1736384 0.9848095 0 0.1736384 0.9749236 0 0.2225398 0.9749236 0 0.2225398 0.9626266 0 0.270832 0.9626266 0 0.270832 0.9479296 0 0.31848 0.9479296 0 0.31848 0.9308769 0 0.365333 0.9308769 0 0.365333 0.9115024 0 0.4112947 0.9115024 0 0.4112947 0.8898676 0 0.4562189 0.8898676 0 0.4562189 0.8660331 0 0.4999867 0.8660331 0 0.4999867 0.8400241 0 0.5425491 0.8400241 0 0.5425491 0.8119391 0 0.5837422 0.8119391 0 0.5837422 0.7818296 0 0.6234921 0.7818296 0 0.6234921 0.7497814 0 0.6616856 0.7497814 0 0.6616856 0.7158577 0 0.6982462 0.7158577 0 0.6982462 0.6801733 0 0.7330514 0.6801733 0 0.7330514 0.6427904 0 0.7660421 0.6427904 0 0.7660421 0.6038045 0 0.7971326 0.6038045 0 0.7971326 0.5633218 0 0.8262376 0.5633218 0 0.8262376 0.5214378 0 0.8532894 0.5214378 0 0.8532894 0.4782502 0 0.8782237 0.4782502 0 0.8782237 0.4338859 0 0.9009678 0.4338859 0 0.9009678 0.388437 0 0.9214752 0.388437 0 0.9214752 0.3420152 0 0.9396945 0.3420152 0 0.9396945 0.2947583 0 0.9555718 0.2947583 0 0.9555718 0.2467546 0 0.9690779 0.2467546 0 0.9690779 0.1981483 0 0.9801721 0.1981483 0 0.9801721 0.1490422 0 0.9888308 0.1490422 0 0.9888308 0.09956811 0 0.9950308 0.09956811 0 0.9950308 0.04984642 0 0.9987568 0.04984642 0 0.9987568 0 0 1 0 0 1 -0.04984642 0 0.9987568 -0.04984642 0 0.9987568 -0.09956811 0 0.9950308 -0.09956811 0 0.9950308 -0.1490422 0 0.9888308 -0.1490422 0 0.9888308 -0.1981483 0 0.9801721 -0.1981483 0 0.9801721 -0.2467546 0 0.9690779 -0.2467546 0 0.9690779 -0.2947583 0 0.9555718 -0.2947583 0 0.9555718 -0.3420152 0 0.9396945 -0.3420152 0 0.9396945 -0.388437 0 0.9214752 -0.388437 0 0.9214752 -0.4338859 0 0.9009678 -0.4782502 0 0.8782237 -0.4338859 0 0.9009678 -0.4782502 0 0.8782237 -0.5214378 0 0.8532894 -0.5214378 0 0.8532894 -0.5633218 0 0.8262376 -0.5633218 0 0.8262376 -0.6038045 0 0.7971326 -0.6038045 0 0.7971326 -0.6427904 0 0.7660421 -0.6427904 0 0.7660421 -0.6801733 0 0.7330514 -0.6801733 0 0.7330514 -0.7158577 0 0.6982462 -0.7158577 0 0.6982462 -0.7497814 0 0.6616856 -0.7497814 0 0.6616856 -0.7818296 0 0.6234921 -0.7818296 0 0.6234921 -0.8119391 0 0.5837422 -0.8119391 0 0.5837422 -0.8400241 0 0.5425491 -0.8400241 0 0.5425491 -0.8660331 0 0.4999867 -0.8660331 0 0.4999867 -0.8898676 0 0.4562189 -0.8898676 0 0.4562189 -0.9115024 0 0.4112947 -0.9115024 0 0.4112947 -0.9308769 0 0.365333 -0.9479296 0 0.31848 -0.9308769 0 0.365333 -0.9479296 0 0.31848 -0.9626266 0 0.270832 -0.9626266 0 0.270832 -0.9749236 0 0.2225398 -0.9749236 0 0.2225398 -0.9848095 0 0.1736384 -0.9848095 0 0.1736384 -0.99224 0 0.1243377 -0.99224 0 0.1243377 -0.9972037 0 0.0747311 -0.9996889 0 0.02494096 -0.9972037 0 0.0747311 -0.9996889 0 0.02494096</float_array>
          <technique_common>
            <accessor count="2324" source="#cubenormals-array0-array" stride="3">
              <param type="float" name="X"/>
              <param type="float" name="Y"/>
              <param type="float" name="Z"/>
            </accessor>
          </technique_common>
        </source>
        <vertices id="cubeverts-array0-vertices">
          <input semantic="POSITION" source="#cubeverts-array0"/>
        </vertices>
        <triangles count="2324" material="ref_Body">
          <input offset="0" semantic="VERTEX" source="#cubeverts-array0-vertices"/>
          <input offset="1" semantic="NORMAL" source="#cubenormals-array0"/>
          <p>0 0 1 0 2 0 2 1 1 1 3 1 4 2 5 2 6 2 7 3 4 3 6 3 7 4 6 4 8 4 9 5 5 5 4 5 9 6 10 6 5 6 11 7 7 7 8 7 11 8 8 8 12 8 13 9 14 9 10 9 13 10 10 10 9 10 15 11 11 11 12 11 15 12 12 12 16 12 17 13 18 13 14 13 17 14 14 14 13 14 19 15 15 15 16 15 19 16 16 16 20 16 21 17 22 17 18 17 21 18 18 18 17 18 23 19 19 19 20 19 23 20 20 20 24 20 25 21 26 21 22 21 25 22 22 22 21 22 27 23 24 23 28 23 27 24 23 24 24 24 29 25 30 25 26 25 29 26 26 26 25 26 31 27 28 27 32 27 31 28 27 28 28 28 33 29 34 29 30 29 33 30 30 30 29 30 35 31 31 31 32 31 35 32 32 32 36 32 37 33 38 33 34 33 37 34 34 34 33 34 39 35 35 35 36 35 39 36 36 36 40 36 41 37 42 37 38 37 41 38 38 38 37 38 43 39 39 39 40 39 43 40 40 40 44 40 45 41 46 41 42 41 45 42 42 42 41 42 47 43 43 43 44 43 47 44 44 44 48 44 49 45 50 45 46 45 49 46 46 46 45 46 51 47 47 47 48 47 51 48 48 48 52 48 53 49 54 49 50 49 53 50 50 50 49 50 55 51 51 51 52 51 55 52 52 52 56 52 57 53 58 53 54 53 57 54 54 54 53 54 59 55 55 55 56 55 59 56 56 56 60 56 61 57 62 57 58 57 61 58 58 58 57 58 63 59 59 59 60 59 63 60 60 60 64 60 65 61 66 61 62 61 65 62 62 62 61 62 67 63 63 63 64 63 67 64 64 64 68 64 69 65 70 65 66 65 69 66 66 66 65 66 71 67 67 67 68 67 71 68 68 68 72 68 73 69 74 69 70 69 73 70 70 70 69 70 75 71 71 71 72 71 75 72 72 72 76 72 77 73 74 73 73 73 77 74 78 74 74 74 79 75 75 75 76 75 79 76 76 76 80 76 81 77 82 77 78 77 81 78 78 78 77 78 83 79 79 79 80 79 83 80 80 80 84 80 85 81 86 81 82 81 85 82 82 82 81 82 87 83 83 83 84 83 87 84 84 84 88 84 89 85 86 85 85 85 89 86 90 86 86 86 91 87 87 87 88 87 91 88 88 88 92 88 93 89 94 89 90 89 93 90 90 90 89 90 95 91 92 91 96 91 95 92 91 92 92 92 97 93 98 93 94 93 97 94 94 94 93 94 99 95 96 95 100 95 99 96 95 96 96 96 101 97 102 97 98 97 101 98 98 98 97 98 103 99 99 99 100 99 103 100 100 100 104 100 105 101 106 101 102 101 105 102 102 102 101 102 107 103 103 103 104 103 107 104 104 104 108 104 109 105 110 105 106 105 109 106 106 106 105 106 111 107 107 107 108 107 111 108 108 108 112 108 113 109 114 109 110 109 113 110 110 110 109 110 115 111 111 111 112 111 115 112 112 112 116 112 117 113 118 113 114 113 117 114 114 114 113 114 119 115 115 115 116 115 119 116 116 116 120 116 121 117 118 117 117 117 121 118 122 118 118 118 123 119 119 119 120 119 123 120 120 120 124 120 125 121 122 121 121 121 125 122 126 122 122 122 127 123 123 123 124 123 127 124 124 124 128 124 129 125 126 125 125 125 130 126 126 126 129 126 131 127 127 127 128 127 132 128 130 128 129 128 133 129 131 129 128 129 133 130 134 130 131 130 135 131 130 131 132 131 135 132 132 132 136 132 137 133 134 133 133 133 137 134 138 134 134 134 139 135 135 135 136 135 139 136 136 136 140 136 141 137 138 137 137 137 141 138 142 138 138 138 143 139 139 139 140 139 143 140 140 140 144 140 145 141 142 141 141 141 145 142 146 142 142 142 147 143 143 143 144 143 147 144 144 144 148 144 149 145 146 145 145 145 149 146 150 146 146 146 151 147 148 147 152 147 151 148 147 148 148 148 153 149 154 149 150 149 153 150 150 150 149 150 155 151 152 151 156 151 155 152 151 152 152 152 157 153 154 153 153 153 157 154 158 154 154 154 159 155 156 155 160 155 159 156 155 156 156 156 161 157 158 157 157 157 161 158 162 158 158 158 163 159 160 159 164 159 163 160 159 160 160 160 165 161 162 161 161 161 165 162 166 162 162 162 167 163 163 163 164 163 167 164 164 164 168 164 169 165 167 165 168 165 170 166 169 166 168 166 170 167 168 167 171 167 172 168 171 168 173 168 172 169 170 169 171 169 174 170 175 170 166 170 174 171 166 171 165 171 176 172 172 172 173 172 177 173 173 173 178 173 177 174 176 174 173 174 179 175 178 175 180 175 179 176 177 176 178 176 181 177 179 177 180 177 181 178 180 178 182 178 183 179 184 179 175 179 183 180 175 180 174 180 185 181 181 181 182 181 186 182 185 182 182 182 186 183 182 183 187 183 188 184 186 184 187 184 189 185 184 185 183 185 189 186 190 186 184 186 191 187 190 187 189 187 191 188 192 188 190 188 193 189 192 189 191 189 193 190 194 190 192 190 195 191 194 191 193 191 195 192 196 192 194 192 197 193 196 193 195 193 197 194 198 194 196 194 199 195 198 195 197 195 199 196 200 196 198 196 201 197 200 197 199 197 201 198 202 198 200 198 203 199 202 199 201 199 203 200 204 200 202 200 205 201 204 201 203 201 205 202 206 202 204 202 207 203 206 203 205 203 207 204 208 204 206 204 209 205 208 205 207 205 209 206 210 206 208 206 211 207 187 207 212 207 1151 208 188 208 187 208 1151 209 187 209 211 209 213 210 211 210 212 210 214 211 215 211 188 211 214 212 188 212 1151 212 216 213 213 213 212 213 216 214 212 214 217 214 218 215 219 215 215 215 218 216 215 216 214 216 220 217 217 217 221 217 220 218 216 218 217 218 1150 219 222 219 219 219 1150 220 219 220 218 220 223 221 221 221 224 221 223 222 220 222 221 222 225 223 226 223 222 223 225 224 222 224 1150 224 1152 225 223 225 224 225 227 226 226 226 225 226 227 227 228 227 229 227 227 228 229 228 226 228 230 229 224 229 231 229 230 230 1152 230 224 230 232 231 228 231 227 231 233 232 231 232 234 232 233 233 230 233 231 233 235 234 236 234 237 234 235 235 237 235 228 235 235 236 228 236 232 236 238 237 233 237 234 237 239 238 210 238 209 238 239 239 240 239 210 239 1149 240 241 240 236 240 1149 241 236 241 235 241 242 242 234 242 243 242 242 243 238 243 234 243 1148 244 241 244 1149 244 244 245 245 245 246 245 244 246 246 246 241 246 244 247 241 247 1148 247 1147 248 245 248 244 248 247 249 240 249 239 249 247 250 248 250 240 250 249 251 250 251 245 251 249 252 245 252 1147 252 251 253 242 253 243 253 251 254 243 254 252 254 1146 255 253 255 250 255 1146 256 250 256 249 256 254 257 255 257 253 257 254 258 253 258 1146 258 256 259 248 259 247 259 256 260 257 260 248 260 258 261 252 261 259 261 258 262 251 262 252 262 260 263 0 263 255 263 260 264 255 264 254 264 261 265 257 265 256 265 261 266 262 266 257 266 263 267 258 267 259 267 263 268 259 268 264 268 265 269 262 269 261 269 265 270 266 270 262 270 267 271 263 271 264 271 267 272 264 272 268 272 269 273 266 273 265 273 269 274 270 274 266 274 271 275 267 275 268 275 271 276 268 276 272 276 273 277 270 277 269 277 273 278 274 278 270 278 275 279 271 279 272 279 275 280 272 280 276 280 277 281 274 281 273 281 277 282 278 282 274 282 279 283 275 283 276 283 279 284 276 284 280 284 281 285 278 285 277 285 281 286 282 286 278 286 283 287 279 287 280 287 283 288 280 288 284 288 285 289 282 289 281 289 285 290 283 290 284 290 285 291 284 291 282 291 1159 292 1 292 0 292 1159 293 0 293 260 293 286 294 287 294 1 294 286 295 288 295 287 295 286 296 1 296 1159 296 289 297 288 297 286 297 290 298 291 298 288 298 290 299 288 299 289 299 1158 300 292 300 291 300 1158 301 291 301 290 301 293 302 294 302 292 302 293 303 292 303 1158 303 295 304 296 304 294 304 295 305 294 305 293 305 1157 306 297 306 296 306 1157 307 296 307 295 307 298 308 299 308 297 308 298 309 297 309 1157 309 300 310 301 310 299 310 300 311 299 311 298 311 302 312 303 312 301 312 302 313 301 313 300 313 304 314 305 314 303 314 304 315 303 315 302 315 306 316 307 316 305 316 306 317 305 317 304 317 308 318 309 318 307 318 308 319 307 319 306 319 1156 320 310 320 309 320 1156 321 309 321 308 321 311 322 312 322 310 322 311 323 310 323 1156 323 313 324 314 324 315 324 316 325 313 325 315 325 316 326 315 326 317 326 318 327 314 327 313 327 318 328 319 328 314 328 320 329 316 329 317 329 320 330 317 330 321 330 322 331 323 331 319 331 322 332 319 332 318 332 324 333 320 333 321 333 324 334 321 334 325 334 326 335 327 335 323 335 326 336 323 336 322 336 328 337 324 337 325 337 328 338 325 338 329 338 330 339 331 339 327 339 330 340 327 340 326 340 332 341 328 341 329 341 332 342 329 342 333 342 334 343 335 343 331 343 334 344 331 344 330 344 336 345 332 345 333 345 336 346 333 346 337 346 338 347 339 347 335 347 338 348 335 348 334 348 340 349 336 349 337 349 340 350 337 350 341 350 342 351 343 351 339 351 342 352 339 352 338 352 344 353 340 353 341 353 344 354 341 354 345 354 346 355 347 355 343 355 346 356 343 356 342 356 348 357 344 357 345 357 348 358 345 358 349 358 350 359 351 359 347 359 350 360 347 360 346 360 352 361 348 361 349 361 352 362 353 362 354 362 352 363 349 363 353 363 355 364 356 364 351 364 355 365 351 365 350 365 357 366 354 366 358 366 357 367 352 367 354 367 359 368 360 368 356 368 359 369 356 369 355 369 361 370 362 370 363 370 361 371 358 371 362 371 361 372 357 372 358 372 364 373 365 373 360 373 364 374 360 374 359 374 366 375 363 375 367 375 366 376 361 376 363 376 368 377 369 377 365 377 368 378 365 378 364 378 370 379 367 379 371 379 370 380 366 380 367 380 372 381 373 381 369 381 372 382 369 382 368 382 374 383 375 383 376 383 374 384 371 384 375 384 374 385 370 385 371 385 377 386 378 386 373 386 377 387 373 387 372 387 379 388 376 388 312 388 379 389 374 389 376 389 379 390 311 390 380 390 379 391 312 391 311 391 381 392 382 392 378 392 381 393 378 393 377 393 383 394 379 394 380 394 383 395 384 395 1155 395 383 396 380 396 384 396 385 397 386 397 382 397 385 398 382 398 381 398 387 399 1155 399 1154 399 387 400 383 400 1155 400 388 401 389 401 386 401 388 402 386 402 385 402 390 403 387 403 1154 403 390 404 1154 404 1153 404 391 405 392 405 389 405 391 406 389 406 388 406 393 407 390 407 1153 407 393 408 394 408 395 408 393 409 1153 409 394 409 396 410 392 410 391 410 396 411 397 411 392 411 398 412 393 412 395 412 398 413 395 413 399 413 400 414 397 414 396 414 400 415 401 415 397 415 402 416 403 416 404 416 402 417 399 417 403 417 402 418 398 418 399 418 405 419 406 419 401 419 405 420 401 420 400 420 407 421 404 421 408 421 407 422 402 422 404 422 409 423 406 423 405 423 409 424 410 424 406 424 411 425 407 425 408 425 411 426 408 426 412 426 413 427 410 427 409 427 413 428 414 428 410 428 415 429 411 429 412 429 415 430 412 430 416 430 417 431 414 431 413 431 417 432 418 432 414 432 419 433 415 433 416 433 419 434 416 434 420 434 421 435 422 435 418 435 421 436 418 436 417 436 423 437 419 437 420 437 423 438 420 438 424 438 425 439 426 439 422 439 425 440 422 440 421 440 427 441 423 441 424 441 427 442 424 442 428 442 429 443 430 443 426 443 429 444 426 444 425 444 431 445 427 445 428 445 431 446 428 446 432 446 433 447 434 447 430 447 433 448 430 448 429 448 435 449 431 449 432 449 435 450 432 450 436 450 437 451 438 451 434 451 437 452 434 452 433 452 439 453 435 453 436 453 440 454 438 454 437 454 441 455 439 455 436 455 442 456 439 456 441 456 443 457 440 457 444 457 443 458 438 458 440 458 445 459 442 459 441 459 445 460 446 460 442 460 447 461 444 461 448 461 447 462 443 462 444 462 449 463 450 463 446 463 449 464 446 464 445 464 451 465 448 465 452 465 451 466 447 466 448 466 453 467 450 467 449 467 453 468 454 468 450 468 455 469 452 469 456 469 455 470 451 470 452 470 457 471 454 471 453 471 457 472 458 472 454 472 459 473 455 473 456 473 459 474 456 474 460 474 461 475 458 475 457 475 461 476 462 476 458 476 463 477 460 477 464 477 463 478 459 478 460 478 465 479 462 479 461 479 465 480 466 480 462 480 467 481 463 481 464 481 467 482 464 482 468 482 469 483 470 483 466 483 469 484 466 484 465 484 471 485 468 485 472 485 471 486 467 486 468 486 473 487 474 487 470 487 473 488 470 488 469 488 475 489 471 489 472 489 475 490 472 490 476 490 477 491 474 491 473 491 477 492 478 492 474 492 479 493 476 493 480 493 479 494 475 494 476 494 481 495 478 495 477 495 481 496 482 496 478 496 483 497 479 497 480 497 483 498 480 498 484 498 485 499 482 499 481 499 485 500 486 500 482 500 487 501 483 501 484 501 487 502 484 502 488 502 489 503 486 503 485 503 489 504 490 504 486 504 491 505 487 505 488 505 491 506 488 506 492 506 493 507 490 507 489 507 493 508 494 508 490 508 495 509 491 509 492 509 495 510 492 510 496 510 497 511 494 511 493 511 497 512 498 512 494 512 499 513 496 513 500 513 499 514 495 514 496 514 501 515 498 515 497 515 501 516 502 516 498 516 503 517 500 517 504 517 503 518 499 518 500 518 505 519 502 519 501 519 505 520 506 520 502 520 507 521 503 521 504 521 507 522 504 522 508 522 509 523 506 523 505 523 509 524 510 524 506 524 511 525 507 525 508 525 511 526 508 526 512 526 513 527 510 527 509 527 513 528 514 528 510 528 515 529 511 529 512 529 515 530 512 530 516 530 517 531 518 531 514 531 517 532 514 532 513 532 519 533 515 533 516 533 519 534 516 534 520 534 521 535 518 535 517 535 521 536 522 536 518 536 523 537 520 537 524 537 523 538 519 538 520 538 525 539 526 539 522 539 525 540 522 540 521 540 527 541 524 541 528 541 527 542 523 542 524 542 529 543 526 543 525 543 529 544 530 544 526 544 531 545 528 545 532 545 531 546 527 546 528 546 533 547 534 547 530 547 533 548 530 548 529 548 535 549 532 549 536 549 535 550 531 550 532 550 537 551 534 551 533 551 537 552 538 552 534 552 539 553 536 553 540 553 539 554 535 554 536 554 541 555 538 555 537 555 541 556 542 556 538 556 543 557 540 557 544 557 543 558 539 558 540 558 545 559 546 559 542 559 545 560 542 560 541 560 547 561 544 561 548 561 547 562 543 562 544 562 549 563 546 563 545 563 549 564 550 564 546 564 551 565 547 565 548 565 551 566 548 566 552 566 553 567 550 567 549 567 553 568 554 568 550 568 555 569 551 569 552 569 555 570 552 570 556 570 557 571 554 571 553 571 557 572 558 572 554 572 559 573 556 573 560 573 559 574 555 574 556 574 561 575 558 575 557 575 561 576 562 576 558 576 563 577 559 577 560 577 563 578 560 578 564 578 565 579 562 579 561 579 565 580 566 580 562 580 567 581 563 581 564 581 567 582 566 582 565 582 567 583 564 583 566 583 0 584 568 584 255 584 2 585 568 585 0 585 255 586 847 586 253 586 568 587 847 587 255 587 253 588 569 588 250 588 250 589 569 589 245 589 847 590 569 590 253 590 245 591 570 591 246 591 569 592 570 592 245 592 570 593 571 593 246 593 246 594 572 594 241 594 241 595 572 595 236 595 571 596 572 596 246 596 572 597 573 597 236 597 236 598 574 598 237 598 573 599 574 599 236 599 237 600 823 600 228 600 574 601 823 601 237 601 228 602 825 602 229 602 823 603 825 603 228 603 825 604 575 604 229 604 229 605 575 605 226 605 575 606 817 606 226 606 226 607 817 607 222 607 817 608 576 608 222 608 222 609 576 609 219 609 219 610 577 610 215 610 576 611 577 611 219 611 215 612 578 612 188 612 577 613 578 613 215 613 188 614 783 614 186 614 578 615 783 615 188 615 186 616 579 616 185 616 185 617 579 617 181 617 783 618 579 618 186 618 579 619 580 619 181 619 181 620 581 620 179 620 580 621 581 621 181 621 179 622 582 622 177 622 581 623 582 623 179 623 177 624 583 624 176 624 582 625 583 625 177 625 176 626 584 626 172 626 172 627 584 627 170 627 583 628 584 628 176 628 584 629 585 629 170 629 170 630 586 630 169 630 585 631 586 631 170 631 169 632 587 632 167 632 586 633 587 633 169 633 588 634 1 634 287 634 588 635 3 635 1 635 881 636 287 636 288 636 881 637 588 637 287 637 589 638 288 638 291 638 589 639 881 639 288 639 590 640 291 640 292 640 590 641 589 641 291 641 591 642 292 642 294 642 591 643 590 643 292 643 592 644 294 644 296 644 592 645 296 645 297 645 592 646 591 646 294 646 593 647 592 647 297 647 888 648 297 648 299 648 888 649 299 649 301 649 888 650 593 650 297 650 594 651 888 651 301 651 595 652 301 652 303 652 595 653 594 653 301 653 596 654 595 654 303 654 596 655 303 655 305 655 893 656 596 656 305 656 893 657 305 657 307 657 893 658 307 658 309 658 597 659 893 659 309 659 598 660 309 660 310 660 598 661 597 661 309 661 599 662 310 662 312 662 599 663 598 663 310 663 600 664 312 664 376 664 600 665 376 665 375 665 600 666 599 666 312 666 601 667 600 667 375 667 602 668 601 668 375 668 602 669 375 669 371 669 603 670 371 670 367 670 603 671 602 671 371 671 604 672 367 672 363 672 604 673 603 673 367 673 605 674 363 674 362 674 605 675 604 675 363 675 606 676 362 676 358 676 606 677 358 677 354 677 606 678 605 678 362 678 607 679 606 679 354 679 608 680 354 680 353 680 608 681 353 681 349 681 608 682 607 682 354 682 609 683 608 683 349 683 610 684 611 684 612 684 611 685 613 685 612 685 612 686 613 686 614 686 610 687 615 687 611 687 616 688 615 688 610 688 613 689 617 689 614 689 614 690 617 690 618 690 619 691 620 691 616 691 616 692 620 692 615 692 617 693 621 693 618 693 618 694 621 694 622 694 623 695 624 695 619 695 619 696 624 696 620 696 621 697 625 697 622 697 622 698 625 698 626 698 627 699 628 699 623 699 623 700 628 700 624 700 625 701 629 701 626 701 626 702 629 702 630 702 631 703 632 703 627 703 627 704 632 704 628 704 630 705 633 705 634 705 629 706 633 706 630 706 635 707 636 707 631 707 631 708 636 708 632 708 634 709 637 709 638 709 633 710 637 710 634 710 639 711 640 711 635 711 635 712 640 712 636 712 637 713 641 713 638 713 638 714 641 714 642 714 639 715 643 715 640 715 644 716 643 716 639 716 641 717 645 717 642 717 642 718 645 718 646 718 647 719 648 719 644 719 644 720 648 720 643 720 645 721 649 721 646 721 646 722 649 722 650 722 647 723 651 723 648 723 652 724 651 724 647 724 649 725 653 725 650 725 650 726 653 726 654 726 655 727 656 727 652 727 652 728 656 728 651 728 653 729 657 729 654 729 654 730 657 730 658 730 659 731 660 731 655 731 655 732 660 732 656 732 657 733 661 733 658 733 658 734 661 734 662 734 663 735 664 735 659 735 659 736 664 736 660 736 661 737 665 737 662 737 662 738 665 738 666 738 667 739 668 739 663 739 663 740 668 740 664 740 665 741 669 741 666 741 666 742 669 742 670 742 667 743 671 743 668 743 672 744 671 744 667 744 669 745 673 745 670 745 670 746 673 746 674 746 675 747 676 747 672 747 672 748 676 748 671 748 673 749 677 749 674 749 674 750 677 750 678 750 679 751 680 751 675 751 675 752 680 752 676 752 677 753 681 753 678 753 678 754 681 754 682 754 683 755 684 755 679 755 679 756 684 756 680 756 681 757 685 757 682 757 682 758 685 758 686 758 687 759 688 759 683 759 683 760 688 760 684 760 685 761 689 761 686 761 686 762 689 762 690 762 691 763 692 763 687 763 687 764 692 764 688 764 689 765 693 765 690 765 690 766 693 766 694 766 695 767 696 767 691 767 691 768 696 768 692 768 693 769 697 769 694 769 694 770 697 770 698 770 699 771 700 771 695 771 695 772 700 772 696 772 698 773 701 773 702 773 697 774 701 774 698 774 703 775 704 775 699 775 699 776 704 776 700 776 702 777 705 777 706 777 701 778 705 778 702 778 707 779 708 779 703 779 703 780 708 780 704 780 706 781 709 781 710 781 705 782 709 782 706 782 711 783 712 783 707 783 707 784 712 784 708 784 709 785 713 785 710 785 710 786 713 786 714 786 715 787 716 787 711 787 711 788 716 788 712 788 713 789 717 789 714 789 714 790 717 790 718 790 719 791 720 791 715 791 715 792 720 792 716 792 718 793 721 793 722 793 717 794 721 794 718 794 719 795 723 795 720 795 724 796 723 796 719 796 722 797 725 797 726 797 721 798 725 798 722 798 727 799 728 799 724 799 724 800 728 800 723 800 725 801 729 801 726 801 726 802 729 802 730 802 727 803 731 803 728 803 732 804 731 804 727 804 729 805 733 805 730 805 730 806 733 806 734 806 732 807 735 807 731 807 732 808 736 808 735 808 733 809 737 809 734 809 736 810 738 810 735 810 737 811 739 811 734 811 740 812 739 812 737 812 738 813 741 813 742 813 736 814 741 814 738 814 740 815 743 815 739 815 744 816 743 816 740 816 741 817 745 817 742 817 742 818 745 818 746 818 744 819 747 819 743 819 748 820 747 820 744 820 745 821 749 821 746 821 746 822 749 822 750 822 748 823 751 823 747 823 752 824 751 824 748 824 749 825 753 825 750 825 750 826 753 826 754 826 752 827 755 827 751 827 756 828 755 828 752 828 754 829 757 829 758 829 753 830 757 830 754 830 759 831 760 831 756 831 756 832 760 832 755 832 758 833 761 833 762 833 757 834 761 834 758 834 759 835 763 835 760 835 764 836 763 836 759 836 762 837 765 837 766 837 761 838 765 838 762 838 764 839 767 839 763 839 768 840 767 840 764 840 765 841 769 841 766 841 766 842 769 842 770 842 768 843 771 843 767 843 772 844 771 844 768 844 769 845 587 845 770 845 770 846 587 846 773 846 587 847 586 847 773 847 773 848 585 848 774 848 586 849 585 849 773 849 774 850 584 850 775 850 585 851 584 851 774 851 776 852 777 852 772 852 772 853 777 853 771 853 584 854 583 854 775 854 775 855 582 855 778 855 583 856 582 856 775 856 582 857 581 857 778 857 778 858 581 858 779 858 779 859 580 859 780 859 581 860 580 860 779 860 781 861 782 861 776 861 776 862 782 862 777 862 580 863 579 863 780 863 579 864 783 864 780 864 780 865 783 865 784 865 783 866 578 866 784 866 781 867 785 867 782 867 786 868 785 868 781 868 786 869 787 869 785 869 788 870 787 870 786 870 788 871 789 871 787 871 790 872 789 872 788 872 790 873 791 873 789 873 792 874 791 874 790 874 792 875 793 875 791 875 794 876 793 876 792 876 794 877 795 877 793 877 796 878 795 878 794 878 796 879 797 879 795 879 798 880 797 880 796 880 798 881 799 881 797 881 800 882 799 882 798 882 800 883 801 883 799 883 802 884 801 884 800 884 802 885 803 885 801 885 804 886 803 886 802 886 804 887 805 887 803 887 806 888 805 888 804 888 784 889 807 889 808 889 784 890 809 890 807 890 578 891 809 891 784 891 807 892 810 892 808 892 577 893 811 893 578 893 578 894 811 894 809 894 810 895 812 895 808 895 808 896 812 896 813 896 576 897 814 897 577 897 577 898 814 898 811 898 813 899 815 899 816 899 812 900 815 900 813 900 817 901 818 901 576 901 576 902 818 902 814 902 816 903 819 903 820 903 815 904 819 904 816 904 575 905 821 905 817 905 817 906 821 906 818 906 819 907 822 907 820 907 823 908 824 908 825 908 825 909 824 909 575 909 575 910 824 910 821 910 820 911 826 911 827 911 822 912 826 912 820 912 823 913 828 913 824 913 827 914 829 914 830 914 826 915 829 915 827 915 573 916 831 916 574 916 574 917 831 917 823 917 823 918 831 918 828 918 829 919 832 919 830 919 806 920 833 920 805 920 834 921 833 921 806 921 572 922 835 922 573 922 573 923 835 923 831 923 832 924 836 924 830 924 830 925 836 925 837 925 572 926 838 926 835 926 570 927 839 927 571 927 571 928 839 928 572 928 572 929 839 929 838 929 570 930 840 930 839 930 834 931 841 931 833 931 842 932 841 932 834 932 570 933 843 933 840 933 569 934 843 934 570 934 837 935 844 935 845 935 836 936 844 936 837 936 569 937 846 937 843 937 847 938 846 938 569 938 568 939 848 939 847 939 847 940 848 940 846 940 842 941 849 941 841 941 850 942 849 942 842 942 844 943 851 943 845 943 845 944 851 944 852 944 2 945 853 945 568 945 568 946 853 946 848 946 850 947 854 947 849 947 855 948 854 948 850 948 851 949 856 949 852 949 852 950 856 950 857 950 855 951 858 951 854 951 859 952 858 952 855 952 856 953 860 953 857 953 857 954 860 954 861 954 859 955 862 955 858 955 863 956 862 956 859 956 861 957 864 957 865 957 860 958 864 958 861 958 863 959 866 959 862 959 867 960 866 960 863 960 864 961 868 961 865 961 865 962 868 962 869 962 867 963 870 963 866 963 871 964 870 964 867 964 868 965 872 965 869 965 869 966 872 966 873 966 871 967 874 967 870 967 875 968 874 968 871 968 872 969 876 969 873 969 873 970 876 970 877 970 875 971 878 971 874 971 876 972 878 972 877 972 877 973 878 973 875 973 3 974 879 974 2 974 2 975 879 975 853 975 588 976 880 976 3 976 881 977 880 977 588 977 3 978 880 978 879 978 881 979 882 979 880 979 589 980 883 980 881 980 881 981 883 981 882 981 590 982 884 982 589 982 589 983 884 983 883 983 591 984 885 984 590 984 590 985 885 985 884 985 592 986 886 986 591 986 591 987 886 987 885 987 593 988 887 988 592 988 592 989 887 989 886 989 888 990 889 990 593 990 593 991 889 991 887 991 594 992 890 992 888 992 888 993 890 993 889 993 595 994 891 994 594 994 594 995 891 995 890 995 596 996 892 996 595 996 893 997 892 997 596 997 595 998 892 998 891 998 893 999 894 999 892 999 597 1000 895 1000 893 1000 893 1001 895 1001 894 1001 598 1002 896 1002 597 1002 597 1003 896 1003 895 1003 599 1004 897 1004 598 1004 598 1005 897 1005 896 1005 898 1006 899 1006 900 1006 899 1007 901 1007 900 1007 900 1008 901 1008 902 1008 898 1009 903 1009 899 1009 904 1010 903 1010 898 1010 901 1011 905 1011 902 1011 902 1012 905 1012 906 1012 907 1013 908 1013 904 1013 904 1014 908 1014 903 1014 905 1015 909 1015 906 1015 906 1016 909 1016 910 1016 911 1017 912 1017 907 1017 907 1018 912 1018 908 1018 909 1019 913 1019 910 1019 910 1020 913 1020 914 1020 915 1021 916 1021 911 1021 911 1022 916 1022 912 1022 913 1023 917 1023 914 1023 914 1024 917 1024 918 1024 919 1025 920 1025 915 1025 915 1026 920 1026 916 1026 917 1027 921 1027 918 1027 918 1028 921 1028 922 1028 923 1029 924 1029 919 1029 919 1030 924 1030 920 1030 921 1031 925 1031 922 1031 922 1032 925 1032 926 1032 927 1033 928 1033 923 1033 923 1034 928 1034 924 1034 925 1035 929 1035 926 1035 926 1036 929 1036 930 1036 931 1037 932 1037 927 1037 927 1038 932 1038 928 1038 929 1039 933 1039 930 1039 930 1040 933 1040 609 1040 934 1041 935 1041 931 1041 931 1042 935 1042 932 1042 608 1043 936 1043 607 1043 609 1044 936 1044 608 1044 933 1045 936 1045 609 1045 937 1046 938 1046 934 1046 934 1047 938 1047 935 1047 936 1048 939 1048 607 1048 607 1049 939 1049 606 1049 940 1050 941 1050 937 1050 937 1051 941 1051 938 1051 605 1052 942 1052 604 1052 606 1053 942 1053 605 1053 939 1054 942 1054 606 1054 943 1055 944 1055 940 1055 940 1056 944 1056 941 1056 942 1057 945 1057 604 1057 604 1058 945 1058 603 1058 946 1059 947 1059 943 1059 943 1060 947 1060 944 1060 603 1061 948 1061 602 1061 945 1062 948 1062 603 1062 949 1063 950 1063 946 1063 946 1064 950 1064 947 1064 601 1065 951 1065 600 1065 602 1066 951 1066 601 1066 948 1067 951 1067 602 1067 952 1068 953 1068 949 1068 949 1069 953 1069 950 1069 600 1070 954 1070 599 1070 951 1071 954 1071 600 1071 897 1072 954 1072 955 1072 599 1073 954 1073 897 1073 956 1074 957 1074 952 1074 952 1075 957 1075 953 1075 954 1076 958 1076 955 1076 959 1077 958 1077 960 1077 955 1078 958 1078 959 1078 961 1079 962 1079 956 1079 956 1080 962 1080 957 1080 960 1081 963 1081 964 1081 958 1082 963 1082 960 1082 965 1083 966 1083 961 1083 961 1084 966 1084 962 1084 964 1085 967 1085 968 1085 963 1086 967 1086 964 1086 969 1087 970 1087 965 1087 965 1088 970 1088 966 1088 971 1089 972 1089 973 1089 968 1090 972 1090 971 1090 967 1091 972 1091 968 1091 969 1092 974 1092 970 1092 975 1093 974 1093 969 1093 973 1094 976 1094 977 1094 972 1095 976 1095 973 1095 975 1096 978 1096 974 1096 979 1097 978 1097 975 1097 976 1098 980 1098 977 1098 981 1099 980 1099 982 1099 977 1100 980 1100 981 1100 979 1101 983 1101 978 1101 984 1102 983 1102 979 1102 982 1103 985 1103 986 1103 980 1104 985 1104 982 1104 984 1105 987 1105 983 1105 988 1106 987 1106 984 1106 985 1107 989 1107 986 1107 986 1108 989 1108 990 1108 988 1109 991 1109 987 1109 992 1110 991 1110 988 1110 989 1111 993 1111 990 1111 990 1112 993 1112 994 1112 995 1113 996 1113 992 1113 992 1114 996 1114 991 1114 993 1115 997 1115 994 1115 994 1116 997 1116 998 1116 995 1117 999 1117 996 1117 1000 1118 999 1118 995 1118 997 1119 1001 1119 998 1119 998 1120 1001 1120 1002 1120 1003 1121 1004 1121 1000 1121 1000 1122 1004 1122 999 1122 1001 1123 1005 1123 1002 1123 1002 1124 1005 1124 1006 1124 1007 1125 1008 1125 1003 1125 1003 1126 1008 1126 1004 1126 1005 1127 1009 1127 1006 1127 1006 1128 1009 1128 1010 1128 1011 1129 1012 1129 1007 1129 1007 1130 1012 1130 1008 1130 1009 1131 1013 1131 1010 1131 1010 1132 1013 1132 1014 1132 1015 1133 1016 1133 1011 1133 1011 1134 1016 1134 1012 1134 1013 1135 1017 1135 1014 1135 1015 1136 1018 1136 1016 1136 1017 1137 1019 1137 1014 1137 1017 1138 1020 1138 1019 1138 1018 1139 1021 1139 1022 1139 1015 1140 1021 1140 1018 1140 1023 1141 1024 1141 1020 1141 1020 1142 1024 1142 1019 1142 1022 1143 1025 1143 1026 1143 1021 1144 1025 1144 1022 1144 1023 1145 1027 1145 1024 1145 1028 1146 1027 1146 1023 1146 1026 1147 1029 1147 1030 1147 1025 1148 1029 1148 1026 1148 1028 1149 1031 1149 1027 1149 1032 1150 1031 1150 1028 1150 1030 1151 1033 1151 1034 1151 1029 1152 1033 1152 1030 1152 1032 1153 1035 1153 1031 1153 1036 1154 1035 1154 1032 1154 1033 1155 1037 1155 1034 1155 1034 1156 1037 1156 1038 1156 1036 1157 1039 1157 1035 1157 1040 1158 1039 1158 1036 1158 1037 1159 1041 1159 1038 1159 1038 1160 1041 1160 1042 1160 1040 1161 1043 1161 1039 1161 1044 1162 1043 1162 1040 1162 1041 1163 1045 1163 1042 1163 1042 1164 1045 1164 1046 1164 1047 1165 1048 1165 1044 1165 1044 1166 1048 1166 1043 1166 1046 1167 1049 1167 1050 1167 1045 1168 1049 1168 1046 1168 1051 1169 1052 1169 1047 1169 1047 1170 1052 1170 1048 1170 1049 1171 1053 1171 1050 1171 1050 1172 1053 1172 1054 1172 1051 1173 1055 1173 1052 1173 1056 1174 1055 1174 1051 1174 1054 1175 1057 1175 1058 1175 1053 1176 1057 1176 1054 1176 1056 1177 1059 1177 1055 1177 1060 1178 1059 1178 1056 1178 1057 1179 1061 1179 1058 1179 1058 1180 1061 1180 1062 1180 1060 1181 1063 1181 1059 1181 1064 1182 1063 1182 1060 1182 1061 1183 1065 1183 1062 1183 1062 1184 1065 1184 1066 1184 1064 1185 1067 1185 1063 1185 1068 1186 1067 1186 1064 1186 1065 1187 1069 1187 1066 1187 1066 1188 1069 1188 1070 1188 1068 1189 1071 1189 1067 1189 1072 1190 1071 1190 1068 1190 1069 1191 1073 1191 1070 1191 1070 1192 1073 1192 1074 1192 1072 1193 1075 1193 1071 1193 1076 1194 1075 1194 1072 1194 1074 1195 1077 1195 1078 1195 1073 1196 1077 1196 1074 1196 1076 1197 1079 1197 1075 1197 1080 1198 1079 1198 1076 1198 1078 1199 1081 1199 1082 1199 1077 1200 1081 1200 1078 1200 1083 1201 1084 1201 1080 1201 1080 1202 1084 1202 1079 1202 1082 1203 1085 1203 1086 1203 1081 1204 1085 1204 1082 1204 1083 1205 1087 1205 1084 1205 1088 1206 1087 1206 1083 1206 1086 1207 1089 1207 1090 1207 1085 1208 1089 1208 1086 1208 1091 1209 1092 1209 1088 1209 1088 1210 1092 1210 1087 1210 1090 1211 1093 1211 1094 1211 1089 1212 1093 1212 1090 1212 1091 1213 1095 1213 1092 1213 1096 1214 1095 1214 1091 1214 1094 1215 1097 1215 1098 1215 1093 1216 1097 1216 1094 1216 1099 1217 1100 1217 1096 1217 1096 1218 1100 1218 1095 1218 1098 1219 1101 1219 1102 1219 1097 1220 1101 1220 1098 1220 1103 1221 1104 1221 1099 1221 1099 1222 1104 1222 1100 1222 1102 1223 1105 1223 1106 1223 1101 1224 1105 1224 1102 1224 1103 1225 1107 1225 1104 1225 1108 1226 1107 1226 1103 1226 1106 1227 1109 1227 1110 1227 1105 1228 1109 1228 1106 1228 1108 1229 1111 1229 1107 1229 1112 1230 1111 1230 1108 1230 1110 1231 1113 1231 1114 1231 1109 1232 1113 1232 1110 1232 1115 1233 1116 1233 1112 1233 1112 1234 1116 1234 1111 1234 1114 1235 1117 1235 1118 1235 1113 1236 1117 1236 1114 1236 1115 1237 1119 1237 1116 1237 1120 1238 1119 1238 1115 1238 1118 1239 1121 1239 1122 1239 1117 1240 1121 1240 1118 1240 1123 1241 1124 1241 1120 1241 1120 1242 1124 1242 1119 1242 1122 1243 1125 1243 1126 1243 1121 1244 1125 1244 1122 1244 1123 1245 1127 1245 1124 1245 1128 1246 1127 1246 1123 1246 1125 1247 1129 1247 1126 1247 1126 1248 1129 1248 1130 1248 1128 1249 1131 1249 1127 1249 1132 1250 1131 1250 1128 1250 1129 1251 1133 1251 1130 1251 1130 1252 1133 1252 1134 1252 1132 1253 1135 1253 1131 1253 1136 1254 1135 1254 1132 1254 1134 1255 1137 1255 1138 1255 1133 1256 1137 1256 1134 1256 1136 1257 1139 1257 1135 1257 1140 1258 1139 1258 1136 1258 1137 1259 1141 1259 1138 1259 1138 1260 1141 1260 1142 1260 1140 1261 1143 1261 1139 1261 1144 1262 1143 1262 1140 1262 1141 1263 1145 1263 1142 1263 1144 1264 1145 1264 1143 1264 1142 1265 1145 1265 1144 1265 242 1266 251 1266 836 1266 836 1267 251 1267 844 1267 844 1268 258 1268 851 1268 251 1269 258 1269 844 1269 851 1270 263 1270 856 1270 258 1271 263 1271 851 1271 856 1272 267 1272 860 1272 263 1273 267 1273 856 1273 860 1274 271 1274 864 1274 864 1275 271 1275 868 1275 267 1276 271 1276 860 1276 271 1277 275 1277 868 1277 868 1278 279 1278 872 1278 872 1279 279 1279 876 1279 275 1280 279 1280 868 1280 279 1281 283 1281 876 1281 876 1282 285 1282 878 1282 283 1283 285 1283 876 1283 878 1284 281 1284 874 1284 285 1285 281 1285 878 1285 874 1286 277 1286 870 1286 281 1287 277 1287 874 1287 870 1288 273 1288 866 1288 277 1289 273 1289 870 1289 866 1290 269 1290 862 1290 273 1291 269 1291 866 1291 862 1292 265 1292 858 1292 269 1293 265 1293 862 1293 858 1294 261 1294 854 1294 265 1295 261 1295 858 1295 854 1296 256 1296 849 1296 261 1297 256 1297 854 1297 849 1298 247 1298 841 1298 256 1299 247 1299 849 1299 841 1300 239 1300 833 1300 247 1301 239 1301 841 1301 239 1302 209 1302 833 1302 833 1303 209 1303 805 1303 209 1304 207 1304 805 1304 805 1305 207 1305 803 1305 207 1306 205 1306 803 1306 803 1307 205 1307 801 1307 205 1308 203 1308 801 1308 801 1309 203 1309 799 1309 203 1310 201 1310 799 1310 799 1311 201 1311 797 1311 201 1312 199 1312 797 1312 797 1313 199 1313 795 1313 199 1314 197 1314 795 1314 795 1315 197 1315 793 1315 197 1316 195 1316 793 1316 793 1317 195 1317 791 1317 791 1318 193 1318 789 1318 195 1319 193 1319 791 1319 789 1320 191 1320 787 1320 193 1321 191 1321 789 1321 787 1322 189 1322 785 1322 191 1323 189 1323 787 1323 785 1324 183 1324 782 1324 782 1325 183 1325 777 1325 189 1326 183 1326 785 1326 183 1327 174 1327 777 1327 777 1328 165 1328 771 1328 174 1329 165 1329 777 1329 771 1330 161 1330 767 1330 165 1331 161 1331 771 1331 767 1332 157 1332 763 1332 161 1333 157 1333 767 1333 763 1334 153 1334 760 1334 157 1335 153 1335 763 1335 760 1336 149 1336 755 1336 755 1337 149 1337 751 1337 153 1338 149 1338 760 1338 751 1339 145 1339 747 1339 149 1340 145 1340 751 1340 145 1341 141 1341 747 1341 747 1342 137 1342 743 1342 743 1343 137 1343 739 1343 141 1344 137 1344 747 1344 137 1345 133 1345 739 1345 739 1346 128 1346 734 1346 133 1347 128 1347 739 1347 734 1348 124 1348 730 1348 128 1349 124 1349 734 1349 730 1350 120 1350 726 1350 124 1351 120 1351 730 1351 120 1352 116 1352 726 1352 726 1353 116 1353 722 1353 722 1354 116 1354 718 1354 116 1355 112 1355 718 1355 112 1356 108 1356 718 1356 718 1357 108 1357 714 1357 108 1358 104 1358 714 1358 714 1359 104 1359 710 1359 104 1360 100 1360 710 1360 710 1361 100 1361 706 1361 100 1362 96 1362 706 1362 706 1363 96 1363 702 1363 96 1364 92 1364 702 1364 702 1365 92 1365 698 1365 698 1366 92 1366 694 1366 92 1367 88 1367 694 1367 88 1368 84 1368 694 1368 694 1369 84 1369 690 1369 84 1370 80 1370 690 1370 690 1371 80 1371 686 1371 686 1372 80 1372 682 1372 80 1373 76 1373 682 1373 76 1374 72 1374 682 1374 682 1375 72 1375 678 1375 72 1376 68 1376 678 1376 678 1377 68 1377 674 1377 68 1378 64 1378 674 1378 674 1379 64 1379 670 1379 670 1380 64 1380 666 1380 64 1381 60 1381 666 1381 60 1382 56 1382 666 1382 666 1383 56 1383 662 1383 56 1384 52 1384 662 1384 662 1385 52 1385 658 1385 658 1386 52 1386 654 1386 52 1387 48 1387 654 1387 654 1388 44 1388 650 1388 48 1389 44 1389 654 1389 650 1390 40 1390 646 1390 44 1391 40 1391 650 1391 646 1392 36 1392 642 1392 40 1393 36 1393 646 1393 642 1394 32 1394 638 1394 36 1395 32 1395 642 1395 638 1396 28 1396 634 1396 32 1397 28 1397 638 1397 634 1398 24 1398 630 1398 630 1399 24 1399 626 1399 28 1400 24 1400 634 1400 24 1401 20 1401 626 1401 626 1402 20 1402 622 1402 20 1403 16 1403 622 1403 16 1404 12 1404 622 1404 622 1405 12 1405 618 1405 12 1406 8 1406 618 1406 618 1407 8 1407 614 1407 614 1408 8 1408 612 1408 8 1409 6 1409 612 1409 6 1410 5 1410 612 1410 612 1411 5 1411 610 1411 5 1412 10 1412 610 1412 610 1413 10 1413 616 1413 10 1414 14 1414 616 1414 616 1415 14 1415 619 1415 14 1416 18 1416 619 1416 619 1417 18 1417 623 1417 18 1418 22 1418 623 1418 623 1419 22 1419 627 1419 627 1420 22 1420 631 1420 22 1421 26 1421 631 1421 26 1422 30 1422 631 1422 631 1423 30 1423 635 1423 30 1424 34 1424 635 1424 635 1425 34 1425 639 1425 639 1426 34 1426 644 1426 34 1427 38 1427 644 1427 38 1428 42 1428 644 1428 644 1429 42 1429 647 1429 647 1430 42 1430 652 1430 42 1431 46 1431 652 1431 46 1432 50 1432 652 1432 652 1433 50 1433 655 1433 655 1434 50 1434 659 1434 50 1435 54 1435 659 1435 54 1436 58 1436 659 1436 659 1437 58 1437 663 1437 58 1438 62 1438 663 1438 663 1439 62 1439 667 1439 667 1440 66 1440 672 1440 62 1441 66 1441 667 1441 672 1442 70 1442 675 1442 66 1443 70 1443 672 1443 675 1444 74 1444 679 1444 70 1445 74 1445 675 1445 679 1446 78 1446 683 1446 74 1447 78 1447 679 1447 683 1448 82 1448 687 1448 78 1449 82 1449 683 1449 687 1450 86 1450 691 1450 82 1451 86 1451 687 1451 86 1452 90 1452 691 1452 691 1453 90 1453 695 1453 90 1454 94 1454 695 1454 695 1455 94 1455 699 1455 699 1456 98 1456 703 1456 94 1457 98 1457 699 1457 703 1458 102 1458 707 1458 98 1459 102 1459 703 1459 707 1460 106 1460 711 1460 102 1461 106 1461 707 1461 711 1462 110 1462 715 1462 106 1463 110 1463 711 1463 715 1464 114 1464 719 1464 719 1465 114 1465 724 1465 110 1466 114 1466 715 1466 724 1467 118 1467 727 1467 114 1468 118 1468 724 1468 118 1469 122 1469 727 1469 727 1470 126 1470 732 1470 122 1471 126 1471 727 1471 732 1472 130 1472 736 1472 736 1473 130 1473 741 1473 126 1474 130 1474 732 1474 130 1475 135 1475 741 1475 741 1476 139 1476 745 1476 745 1477 139 1477 749 1477 135 1478 139 1478 741 1478 139 1479 143 1479 749 1479 749 1480 147 1480 753 1480 143 1481 147 1481 749 1481 753 1482 151 1482 757 1482 147 1483 151 1483 753 1483 757 1484 155 1484 761 1484 151 1485 155 1485 757 1485 761 1486 159 1486 765 1486 155 1487 159 1487 761 1487 765 1488 163 1488 769 1488 159 1489 163 1489 765 1489 769 1490 167 1490 587 1490 163 1491 167 1491 769 1491 349 1492 345 1492 609 1492 609 1493 345 1493 930 1493 930 1494 341 1494 926 1494 345 1495 341 1495 930 1495 926 1496 337 1496 922 1496 341 1497 337 1497 926 1497 922 1498 333 1498 918 1498 337 1499 333 1499 922 1499 918 1500 329 1500 914 1500 914 1501 329 1501 910 1501 333 1502 329 1502 918 1502 329 1503 325 1503 910 1503 910 1504 321 1504 906 1504 325 1505 321 1505 910 1505 906 1506 317 1506 902 1506 321 1507 317 1507 906 1507 902 1508 315 1508 900 1508 317 1509 315 1509 902 1509 900 1510 314 1510 898 1510 315 1511 314 1511 900 1511 898 1512 319 1512 904 1512 314 1513 319 1513 898 1513 904 1514 323 1514 907 1514 319 1515 323 1515 904 1515 907 1516 327 1516 911 1516 911 1517 327 1517 915 1517 323 1518 327 1518 907 1518 327 1519 331 1519 915 1519 915 1520 335 1520 919 1520 919 1521 335 1521 923 1521 331 1522 335 1522 915 1522 335 1523 339 1523 923 1523 923 1524 343 1524 927 1524 339 1525 343 1525 923 1525 927 1526 347 1526 931 1526 931 1527 347 1527 934 1527 343 1528 347 1528 927 1528 347 1529 351 1529 934 1529 351 1530 356 1530 934 1530 934 1531 356 1531 937 1531 356 1532 360 1532 937 1532 937 1533 360 1533 940 1533 940 1534 360 1534 943 1534 360 1535 365 1535 943 1535 943 1536 365 1536 946 1536 365 1537 369 1537 946 1537 369 1538 373 1538 946 1538 946 1539 373 1539 949 1539 373 1540 378 1540 949 1540 949 1541 378 1541 952 1541 952 1542 378 1542 956 1542 378 1543 382 1543 956 1543 956 1544 386 1544 961 1544 382 1545 386 1545 956 1545 961 1546 389 1546 965 1546 386 1547 389 1547 961 1547 965 1548 392 1548 969 1548 389 1549 392 1549 965 1549 969 1550 397 1550 975 1550 392 1551 397 1551 969 1551 975 1552 401 1552 979 1552 397 1553 401 1553 975 1553 979 1554 406 1554 984 1554 401 1555 406 1555 979 1555 984 1556 410 1556 988 1556 406 1557 410 1557 984 1557 988 1558 414 1558 992 1558 410 1559 414 1559 988 1559 992 1560 418 1560 995 1560 414 1561 418 1561 992 1561 995 1562 422 1562 1000 1562 1000 1563 422 1563 1003 1563 418 1564 422 1564 995 1564 422 1565 426 1565 1003 1565 1003 1566 430 1566 1007 1566 1007 1567 430 1567 1011 1567 426 1568 430 1568 1003 1568 430 1569 434 1569 1011 1569 1011 1570 438 1570 1015 1570 434 1571 438 1571 1011 1571 1015 1572 443 1572 1021 1572 438 1573 443 1573 1015 1573 1021 1574 447 1574 1025 1574 443 1575 447 1575 1021 1575 1025 1576 451 1576 1029 1576 447 1577 451 1577 1025 1577 451 1578 455 1578 1029 1578 1029 1579 455 1579 1033 1579 455 1580 459 1580 1033 1580 1033 1581 459 1581 1037 1581 459 1582 463 1582 1037 1582 1037 1583 463 1583 1041 1583 463 1584 467 1584 1041 1584 1041 1585 467 1585 1045 1585 1045 1586 467 1586 1049 1586 467 1587 471 1587 1049 1587 471 1588 475 1588 1049 1588 1049 1589 475 1589 1053 1589 475 1590 479 1590 1053 1590 1053 1591 479 1591 1057 1591 479 1592 483 1592 1057 1592 1057 1593 483 1593 1061 1593 483 1594 487 1594 1061 1594 1061 1595 487 1595 1065 1595 487 1596 491 1596 1065 1596 1065 1597 491 1597 1069 1597 491 1598 495 1598 1069 1598 1069 1599 495 1599 1073 1599 495 1600 499 1600 1073 1600 1073 1601 499 1601 1077 1601 499 1602 503 1602 1077 1602 1077 1603 503 1603 1081 1603 1081 1604 503 1604 1085 1604 503 1605 507 1605 1085 1605 507 1606 511 1606 1085 1606 1085 1607 511 1607 1089 1607 1089 1608 511 1608 1093 1608 511 1609 515 1609 1093 1609 515 1610 519 1610 1093 1610 1093 1611 519 1611 1097 1611 1097 1612 519 1612 1101 1612 519 1613 523 1613 1101 1613 1101 1614 527 1614 1105 1614 523 1615 527 1615 1101 1615 1105 1616 531 1616 1109 1616 527 1617 531 1617 1105 1617 1109 1618 535 1618 1113 1618 1113 1619 535 1619 1117 1619 531 1620 535 1620 1109 1620 535 1621 539 1621 1117 1621 1117 1622 543 1622 1121 1622 539 1623 543 1623 1117 1623 1121 1624 547 1624 1125 1624 543 1625 547 1625 1121 1625 547 1626 551 1626 1125 1626 1125 1627 551 1627 1129 1627 551 1628 555 1628 1129 1628 1129 1629 555 1629 1133 1629 555 1630 559 1630 1133 1630 1133 1631 559 1631 1137 1631 1137 1632 559 1632 1141 1632 559 1633 563 1633 1141 1633 563 1634 567 1634 1141 1634 1141 1635 567 1635 1145 1635 567 1636 565 1636 1145 1636 1145 1637 565 1637 1143 1637 1143 1638 565 1638 1139 1638 565 1639 561 1639 1139 1639 561 1640 557 1640 1139 1640 1139 1641 557 1641 1135 1641 557 1642 553 1642 1135 1642 1135 1643 553 1643 1131 1643 553 1644 549 1644 1131 1644 1131 1645 549 1645 1127 1645 1127 1646 549 1646 1124 1646 549 1647 545 1647 1124 1647 545 1648 541 1648 1124 1648 1124 1649 541 1649 1119 1649 541 1650 537 1650 1119 1650 1119 1651 537 1651 1116 1651 1116 1652 537 1652 1111 1652 537 1653 533 1653 1111 1653 533 1654 529 1654 1111 1654 1111 1655 529 1655 1107 1655 1107 1656 529 1656 1104 1656 529 1657 525 1657 1104 1657 525 1658 521 1658 1104 1658 1104 1659 521 1659 1100 1659 521 1660 517 1660 1100 1660 1100 1661 517 1661 1095 1661 517 1662 513 1662 1095 1662 1095 1663 513 1663 1092 1663 1092 1664 513 1664 1087 1664 513 1665 509 1665 1087 1665 1087 1666 505 1666 1084 1666 509 1667 505 1667 1087 1667 1084 1668 501 1668 1079 1668 505 1669 501 1669 1084 1669 1079 1670 497 1670 1075 1670 501 1671 497 1671 1079 1671 1075 1672 493 1672 1071 1672 497 1673 493 1673 1075 1673 1071 1674 489 1674 1067 1674 493 1675 489 1675 1071 1675 1067 1676 485 1676 1063 1676 489 1677 485 1677 1067 1677 485 1678 481 1678 1063 1678 1063 1679 481 1679 1059 1679 481 1680 477 1680 1059 1680 1059 1681 477 1681 1055 1681 1055 1682 477 1682 1052 1682 477 1683 473 1683 1052 1683 1052 1684 469 1684 1048 1684 473 1685 469 1685 1052 1685 1048 1686 465 1686 1043 1686 469 1687 465 1687 1048 1687 1043 1688 461 1688 1039 1688 465 1689 461 1689 1043 1689 1039 1690 457 1690 1035 1690 461 1691 457 1691 1039 1691 1035 1692 453 1692 1031 1692 457 1693 453 1693 1035 1693 1031 1694 449 1694 1027 1694 453 1695 449 1695 1031 1695 1027 1696 445 1696 1024 1696 449 1697 445 1697 1027 1697 1024 1698 441 1698 1019 1698 1019 1699 441 1699 1014 1699 445 1700 441 1700 1024 1700 441 1701 436 1701 1014 1701 1014 1702 432 1702 1010 1702 436 1703 432 1703 1014 1703 1010 1704 428 1704 1006 1704 432 1705 428 1705 1010 1705 1006 1706 424 1706 1002 1706 428 1707 424 1707 1006 1707 1002 1708 420 1708 998 1708 424 1709 420 1709 1002 1709 998 1710 416 1710 994 1710 420 1711 416 1711 998 1711 994 1712 412 1712 990 1712 416 1713 412 1713 994 1713 990 1714 408 1714 986 1714 412 1715 408 1715 990 1715 408 1716 404 1716 986 1716 986 1717 404 1717 982 1717 853 1718 260 1718 254 1718 848 1719 254 1719 1146 1719 848 1720 853 1720 254 1720 846 1721 848 1721 1146 1721 843 1722 1146 1722 249 1722 843 1723 846 1723 1146 1723 840 1724 249 1724 1147 1724 840 1725 1147 1725 244 1725 840 1726 843 1726 249 1726 839 1727 840 1727 244 1727 838 1728 244 1728 1148 1728 838 1729 1148 1729 1149 1729 838 1730 839 1730 244 1730 835 1731 1149 1731 235 1731 835 1732 838 1732 1149 1732 831 1733 835 1733 235 1733 828 1734 235 1734 232 1734 828 1735 232 1735 227 1735 828 1736 831 1736 235 1736 824 1737 227 1737 225 1737 824 1738 828 1738 227 1738 821 1739 824 1739 225 1739 818 1740 821 1740 225 1740 818 1741 225 1741 1150 1741 814 1742 818 1742 1150 1742 814 1743 1150 1743 218 1743 811 1744 218 1744 214 1744 811 1745 814 1745 218 1745 811 1746 214 1746 1151 1746 809 1747 811 1747 1151 1747 807 1748 1151 1748 211 1748 807 1749 809 1749 1151 1749 810 1750 211 1750 213 1750 810 1751 807 1751 211 1751 812 1752 213 1752 216 1752 812 1753 810 1753 213 1753 815 1754 216 1754 220 1754 815 1755 812 1755 216 1755 819 1756 220 1756 223 1756 819 1757 815 1757 220 1757 822 1758 223 1758 1152 1758 822 1759 819 1759 223 1759 826 1760 1152 1760 230 1760 826 1761 230 1761 233 1761 826 1762 822 1762 1152 1762 829 1763 826 1763 233 1763 832 1764 233 1764 238 1764 832 1765 829 1765 233 1765 836 1766 238 1766 242 1766 836 1767 832 1767 238 1767 982 1768 404 1768 403 1768 981 1769 982 1769 403 1769 977 1770 403 1770 399 1770 977 1771 981 1771 403 1771 973 1772 399 1772 395 1772 973 1773 977 1773 399 1773 971 1774 395 1774 394 1774 971 1775 973 1775 395 1775 968 1776 394 1776 1153 1776 968 1777 971 1777 394 1777 964 1778 1153 1778 1154 1778 964 1779 1154 1779 1155 1779 964 1780 968 1780 1153 1780 960 1781 964 1781 1155 1781 959 1782 1155 1782 384 1782 959 1783 960 1783 1155 1783 955 1784 384 1784 380 1784 955 1785 380 1785 311 1785 955 1786 959 1786 384 1786 897 1787 955 1787 311 1787 896 1788 897 1788 311 1788 896 1789 311 1789 1156 1789 895 1790 896 1790 1156 1790 895 1791 1156 1791 308 1791 895 1792 308 1792 306 1792 894 1793 895 1793 306 1793 892 1794 306 1794 304 1794 892 1795 894 1795 306 1795 891 1796 304 1796 302 1796 891 1797 892 1797 304 1797 890 1798 302 1798 300 1798 890 1799 891 1799 302 1799 889 1800 300 1800 298 1800 889 1801 298 1801 1157 1801 889 1802 890 1802 300 1802 887 1803 889 1803 1157 1803 886 1804 1157 1804 295 1804 886 1805 887 1805 1157 1805 885 1806 295 1806 293 1806 885 1807 886 1807 295 1807 884 1808 293 1808 1158 1808 884 1809 885 1809 293 1809 883 1810 1158 1810 290 1810 883 1811 290 1811 289 1811 883 1812 884 1812 1158 1812 882 1813 883 1813 289 1813 880 1814 289 1814 286 1814 880 1815 286 1815 1159 1815 880 1816 882 1816 289 1816 879 1817 880 1817 1159 1817 1159 1818 260 1818 879 1818 879 1819 260 1819 853 1819 508 1820 504 1820 1082 1820 508 1821 1082 1821 1086 1821 512 1822 1086 1822 1090 1822 512 1823 1090 1823 1094 1823 512 1824 508 1824 1086 1824 516 1825 512 1825 1094 1825 520 1826 1094 1826 1098 1826 520 1827 1098 1827 1102 1827 520 1828 516 1828 1094 1828 524 1829 520 1829 1102 1829 528 1830 1102 1830 1106 1830 528 1831 524 1831 1102 1831 532 1832 1106 1832 1110 1832 532 1833 1110 1833 1114 1833 532 1834 528 1834 1106 1834 536 1835 532 1835 1114 1835 540 1836 1114 1836 1118 1836 540 1837 536 1837 1114 1837 544 1838 1118 1838 1122 1838 544 1839 540 1839 1118 1839 548 1840 544 1840 1122 1840 548 1841 1122 1841 1126 1841 548 1842 1126 1842 1130 1842 552 1843 548 1843 1130 1843 556 1844 552 1844 1130 1844 556 1845 1130 1845 1134 1845 560 1846 556 1846 1134 1846 560 1847 1134 1847 1138 1847 564 1848 1138 1848 1142 1848 564 1849 1142 1849 1144 1849 564 1850 560 1850 1138 1850 566 1851 564 1851 1144 1851 562 1852 1144 1852 1140 1852 562 1853 566 1853 1144 1853 558 1854 1140 1854 1136 1854 558 1855 1136 1855 1132 1855 558 1856 562 1856 1140 1856 554 1857 558 1857 1132 1857 550 1858 1132 1858 1128 1858 550 1859 554 1859 1132 1859 546 1860 1128 1860 1123 1860 546 1861 550 1861 1128 1861 542 1862 1123 1862 1120 1862 542 1863 546 1863 1123 1863 538 1864 1120 1864 1115 1864 538 1865 542 1865 1120 1865 534 1866 1115 1866 1112 1866 534 1867 538 1867 1115 1867 530 1868 1112 1868 1108 1868 530 1869 534 1869 1112 1869 526 1870 1108 1870 1103 1870 526 1871 530 1871 1108 1871 522 1872 1103 1872 1099 1872 522 1873 526 1873 1103 1873 518 1874 1099 1874 1096 1874 518 1875 1096 1875 1091 1875 518 1876 522 1876 1099 1876 514 1877 518 1877 1091 1877 510 1878 1091 1878 1088 1878 510 1879 514 1879 1091 1879 506 1880 1088 1880 1083 1880 506 1881 510 1881 1088 1881 502 1882 1083 1882 1080 1882 502 1883 506 1883 1083 1883 498 1884 1080 1884 1076 1884 498 1885 502 1885 1080 1885 494 1886 1076 1886 1072 1886 494 1887 498 1887 1076 1887 490 1888 1072 1888 1068 1888 490 1889 494 1889 1072 1889 486 1890 1068 1890 1064 1890 486 1891 490 1891 1068 1891 482 1892 1064 1892 1060 1892 482 1893 1060 1893 1056 1893 482 1894 486 1894 1064 1894 478 1895 482 1895 1056 1895 478 1896 1056 1896 1051 1896 474 1897 478 1897 1051 1897 470 1898 474 1898 1051 1898 470 1899 1051 1899 1047 1899 466 1900 470 1900 1047 1900 466 1901 1047 1901 1044 1901 462 1902 466 1902 1044 1902 462 1903 1044 1903 1040 1903 458 1904 462 1904 1040 1904 458 1905 1040 1905 1036 1905 454 1906 458 1906 1036 1906 454 1907 1036 1907 1032 1907 450 1908 454 1908 1032 1908 450 1909 1032 1909 1028 1909 446 1910 450 1910 1028 1910 446 1911 1028 1911 1023 1911 446 1912 1023 1912 1020 1912 442 1913 446 1913 1020 1913 439 1914 1020 1914 1017 1914 439 1915 442 1915 1020 1915 435 1916 1017 1916 1013 1916 435 1917 439 1917 1017 1917 431 1918 1013 1918 1009 1918 431 1919 1009 1919 1005 1919 431 1920 435 1920 1013 1920 427 1921 431 1921 1005 1921 423 1922 1005 1922 1001 1922 423 1923 1001 1923 997 1923 423 1924 427 1924 1005 1924 419 1925 423 1925 997 1925 415 1926 997 1926 993 1926 415 1927 993 1927 989 1927 415 1928 419 1928 997 1928 411 1929 415 1929 989 1929 407 1930 989 1930 985 1930 407 1931 411 1931 989 1931 402 1932 985 1932 980 1932 402 1933 980 1933 976 1933 402 1934 407 1934 985 1934 398 1935 402 1935 976 1935 393 1936 976 1936 972 1936 393 1937 398 1937 976 1937 390 1938 972 1938 967 1938 390 1939 393 1939 972 1939 387 1940 967 1940 963 1940 387 1941 390 1941 967 1941 383 1942 387 1942 963 1942 383 1943 963 1943 958 1943 383 1944 958 1944 954 1944 379 1945 383 1945 954 1945 379 1946 954 1946 951 1946 374 1947 379 1947 951 1947 370 1948 374 1948 951 1948 370 1949 951 1949 948 1949 370 1950 948 1950 945 1950 366 1951 370 1951 945 1951 366 1952 945 1952 942 1952 361 1953 366 1953 942 1953 361 1954 942 1954 939 1954 357 1955 361 1955 939 1955 352 1956 357 1956 939 1956 352 1957 939 1957 936 1957 352 1958 936 1958 933 1958 348 1959 352 1959 933 1959 344 1960 348 1960 933 1960 344 1961 933 1961 929 1961 340 1962 344 1962 929 1962 340 1963 929 1963 925 1963 340 1964 925 1964 921 1964 336 1965 340 1965 921 1965 332 1966 336 1966 921 1966 332 1967 921 1967 917 1967 328 1968 332 1968 917 1968 328 1969 917 1969 913 1969 324 1970 328 1970 913 1970 324 1971 913 1971 909 1971 324 1972 909 1972 905 1972 320 1973 324 1973 905 1973 316 1974 320 1974 905 1974 316 1975 905 1975 901 1975 313 1976 316 1976 901 1976 313 1977 901 1977 899 1977 313 1978 899 1978 903 1978 318 1979 313 1979 903 1979 322 1980 318 1980 903 1980 322 1981 903 1981 908 1981 326 1982 322 1982 908 1982 326 1983 908 1983 912 1983 330 1984 912 1984 916 1984 330 1985 326 1985 912 1985 330 1986 916 1986 920 1986 334 1987 330 1987 920 1987 338 1988 920 1988 924 1988 338 1989 334 1989 920 1989 342 1990 924 1990 928 1990 342 1991 338 1991 924 1991 346 1992 928 1992 932 1992 346 1993 342 1993 928 1993 350 1994 346 1994 932 1994 350 1995 932 1995 935 1995 355 1996 350 1996 935 1996 355 1997 935 1997 938 1997 359 1998 355 1998 938 1998 359 1999 938 1999 941 1999 364 2000 359 2000 941 2000 364 2001 941 2001 944 2001 364 2002 944 2002 947 2002 368 2003 364 2003 947 2003 372 2004 368 2004 947 2004 372 2005 947 2005 950 2005 377 2006 372 2006 950 2006 377 2007 950 2007 953 2007 381 2008 377 2008 953 2008 381 2009 953 2009 957 2009 385 2010 381 2010 957 2010 385 2011 957 2011 962 2011 388 2012 385 2012 962 2012 388 2013 962 2013 966 2013 391 2014 388 2014 966 2014 391 2015 966 2015 970 2015 396 2016 391 2016 970 2016 396 2017 970 2017 974 2017 400 2018 974 2018 978 2018 400 2019 396 2019 974 2019 405 2020 978 2020 983 2020 405 2021 400 2021 978 2021 409 2022 983 2022 987 2022 409 2023 405 2023 983 2023 413 2024 987 2024 991 2024 413 2025 409 2025 987 2025 417 2026 991 2026 996 2026 417 2027 996 2027 999 2027 417 2028 413 2028 991 2028 421 2029 417 2029 999 2029 425 2030 999 2030 1004 2030 425 2031 421 2031 999 2031 429 2032 1004 2032 1008 2032 429 2033 425 2033 1004 2033 433 2034 1008 2034 1012 2034 433 2035 429 2035 1008 2035 437 2036 1012 2036 1016 2036 437 2037 433 2037 1012 2037 440 2038 1016 2038 1018 2038 440 2039 437 2039 1016 2039 444 2040 1018 2040 1022 2040 444 2041 440 2041 1018 2041 448 2042 444 2042 1022 2042 448 2043 1022 2043 1026 2043 452 2044 448 2044 1026 2044 452 2045 1026 2045 1030 2045 456 2046 452 2046 1030 2046 456 2047 1030 2047 1034 2047 460 2048 456 2048 1034 2048 460 2049 1034 2049 1038 2049 464 2050 460 2050 1038 2050 464 2051 1038 2051 1042 2051 468 2052 1042 2052 1046 2052 468 2053 464 2053 1042 2053 472 2054 1046 2054 1050 2054 472 2055 468 2055 1046 2055 476 2056 1050 2056 1054 2056 476 2057 1054 2057 1058 2057 476 2058 472 2058 1050 2058 480 2059 476 2059 1058 2059 484 2060 1058 2060 1062 2060 484 2061 480 2061 1058 2061 488 2062 1062 2062 1066 2062 488 2063 484 2063 1062 2063 492 2064 1066 2064 1070 2064 492 2065 488 2065 1066 2065 496 2066 1070 2066 1074 2066 496 2067 492 2067 1070 2067 500 2068 1074 2068 1078 2068 500 2069 1078 2069 1082 2069 500 2070 496 2070 1074 2070 504 2071 500 2071 1082 2071 212 2072 187 2072 784 2072 212 2073 784 2073 808 2073 217 2074 808 2074 813 2074 217 2075 813 2075 816 2075 217 2076 212 2076 808 2076 221 2077 217 2077 816 2077 224 2078 816 2078 820 2078 224 2079 820 2079 827 2079 224 2080 221 2080 816 2080 231 2081 224 2081 827 2081 234 2082 827 2082 830 2082 234 2083 231 2083 827 2083 243 2084 830 2084 837 2084 243 2085 837 2085 845 2085 243 2086 234 2086 830 2086 252 2087 243 2087 845 2087 259 2088 845 2088 852 2088 259 2089 252 2089 845 2089 264 2090 852 2090 857 2090 264 2091 259 2091 852 2091 268 2092 264 2092 857 2092 268 2093 857 2093 861 2093 268 2094 861 2094 865 2094 272 2095 268 2095 865 2095 276 2096 272 2096 865 2096 276 2097 865 2097 869 2097 280 2098 276 2098 869 2098 280 2099 869 2099 873 2099 284 2100 873 2100 877 2100 284 2101 877 2101 875 2101 284 2102 280 2102 873 2102 282 2103 284 2103 875 2103 278 2104 875 2104 871 2104 278 2105 282 2105 875 2105 274 2106 871 2106 867 2106 274 2107 867 2107 863 2107 274 2108 278 2108 871 2108 270 2109 274 2109 863 2109 266 2110 863 2110 859 2110 266 2111 270 2111 863 2111 262 2112 859 2112 855 2112 262 2113 266 2113 859 2113 257 2114 855 2114 850 2114 257 2115 262 2115 855 2115 248 2116 850 2116 842 2116 248 2117 257 2117 850 2117 240 2118 842 2118 834 2118 240 2119 248 2119 842 2119 210 2120 834 2120 806 2120 210 2121 240 2121 834 2121 208 2122 806 2122 804 2122 208 2123 210 2123 806 2123 206 2124 804 2124 802 2124 206 2125 208 2125 804 2125 204 2126 802 2126 800 2126 204 2127 800 2127 798 2127 204 2128 206 2128 802 2128 202 2129 204 2129 798 2129 200 2130 798 2130 796 2130 200 2131 202 2131 798 2131 198 2132 796 2132 794 2132 198 2133 200 2133 796 2133 196 2134 794 2134 792 2134 196 2135 198 2135 794 2135 194 2136 792 2136 790 2136 194 2137 196 2137 792 2137 192 2138 790 2138 788 2138 192 2139 194 2139 790 2139 190 2140 788 2140 786 2140 190 2141 192 2141 788 2141 184 2142 786 2142 781 2142 184 2143 190 2143 786 2143 175 2144 781 2144 776 2144 175 2145 776 2145 772 2145 175 2146 184 2146 781 2146 166 2147 175 2147 772 2147 166 2148 772 2148 768 2148 162 2149 166 2149 768 2149 158 2150 162 2150 768 2150 158 2151 768 2151 764 2151 154 2152 158 2152 764 2152 154 2153 764 2153 759 2153 150 2154 154 2154 759 2154 150 2155 759 2155 756 2155 146 2156 150 2156 756 2156 146 2157 756 2157 752 2157 142 2158 146 2158 752 2158 142 2159 752 2159 748 2159 138 2160 142 2160 748 2160 138 2161 748 2161 744 2161 134 2162 138 2162 744 2162 134 2163 744 2163 740 2163 134 2164 740 2164 737 2164 131 2165 134 2165 737 2165 127 2166 737 2166 733 2166 127 2167 131 2167 737 2167 123 2168 733 2168 729 2168 123 2169 127 2169 733 2169 119 2170 729 2170 725 2170 119 2171 725 2171 721 2171 119 2172 123 2172 729 2172 115 2173 119 2173 721 2173 111 2174 721 2174 717 2174 111 2175 717 2175 713 2175 111 2176 115 2176 721 2176 107 2177 111 2177 713 2177 103 2178 713 2178 709 2178 103 2179 709 2179 705 2179 103 2180 107 2180 713 2180 99 2181 103 2181 705 2181 95 2182 705 2182 701 2182 95 2183 99 2183 705 2183 91 2184 701 2184 697 2184 91 2185 697 2185 693 2185 91 2186 95 2186 701 2186 87 2187 91 2187 693 2187 83 2188 693 2188 689 2188 83 2189 87 2189 693 2189 79 2190 689 2190 685 2190 79 2191 83 2191 689 2191 75 2192 685 2192 681 2192 75 2193 79 2193 685 2193 71 2194 75 2194 681 2194 71 2195 681 2195 677 2195 71 2196 677 2196 673 2196 67 2197 71 2197 673 2197 67 2198 673 2198 669 2198 63 2199 67 2199 669 2199 59 2200 63 2200 669 2200 59 2201 669 2201 665 2201 59 2202 665 2202 661 2202 55 2203 59 2203 661 2203 55 2204 661 2204 657 2204 51 2205 55 2205 657 2205 51 2206 657 2206 653 2206 47 2207 51 2207 653 2207 43 2208 47 2208 653 2208 43 2209 653 2209 649 2209 43 2210 649 2210 645 2210 39 2211 43 2211 645 2211 35 2212 39 2212 645 2212 35 2213 645 2213 641 2213 31 2214 35 2214 641 2214 31 2215 641 2215 637 2215 31 2216 637 2216 633 2216 27 2217 31 2217 633 2217 23 2218 27 2218 633 2218 23 2219 633 2219 629 2219 19 2220 23 2220 629 2220 19 2221 629 2221 625 2221 15 2222 19 2222 625 2222 15 2223 625 2223 621 2223 15 2224 621 2224 617 2224 11 2225 15 2225 617 2225 7 2226 11 2226 617 2226 7 2227 617 2227 613 2227 4 2228 7 2228 613 2228 4 2229 613 2229 611 2229 4 2230 611 2230 615 2230 9 2231 4 2231 615 2231 13 2232 9 2232 615 2232 13 2233 615 2233 620 2233 17 2234 13 2234 620 2234 17 2235 620 2235 624 2235 21 2236 624 2236 628 2236 21 2237 17 2237 624 2237 21 2238 628 2238 632 2238 25 2239 21 2239 632 2239 29 2240 632 2240 636 2240 29 2241 25 2241 632 2241 33 2242 636 2242 640 2242 33 2243 29 2243 636 2243 37 2244 640 2244 643 2244 37 2245 33 2245 640 2245 41 2246 37 2246 643 2246 41 2247 643 2247 648 2247 45 2248 41 2248 648 2248 45 2249 648 2249 651 2249 49 2250 45 2250 651 2250 49 2251 651 2251 656 2251 53 2252 49 2252 656 2252 53 2253 656 2253 660 2253 53 2254 660 2254 664 2254 57 2255 53 2255 664 2255 61 2256 57 2256 664 2256 61 2257 664 2257 668 2257 65 2258 61 2258 668 2258 65 2259 668 2259 671 2259 69 2260 65 2260 671 2260 69 2261 671 2261 676 2261 73 2262 69 2262 676 2262 73 2263 676 2263 680 2263 77 2264 73 2264 680 2264 77 2265 680 2265 684 2265 81 2266 77 2266 684 2266 81 2267 684 2267 688 2267 85 2268 81 2268 688 2268 85 2269 688 2269 692 2269 89 2270 692 2270 696 2270 89 2271 85 2271 692 2271 93 2272 696 2272 700 2272 93 2273 89 2273 696 2273 97 2274 700 2274 704 2274 97 2275 93 2275 700 2275 101 2276 704 2276 708 2276 101 2277 97 2277 704 2277 105 2278 708 2278 712 2278 105 2279 712 2279 716 2279 105 2280 101 2280 708 2280 109 2281 105 2281 716 2281 113 2282 716 2282 720 2282 113 2283 109 2283 716 2283 117 2284 720 2284 723 2284 117 2285 113 2285 720 2285 121 2286 723 2286 728 2286 121 2287 117 2287 723 2287 125 2288 728 2288 731 2288 125 2289 121 2289 728 2289 129 2290 731 2290 735 2290 129 2291 125 2291 731 2291 132 2292 735 2292 738 2292 132 2293 129 2293 735 2293 136 2294 132 2294 738 2294 136 2295 738 2295 742 2295 140 2296 136 2296 742 2296 140 2297 742 2297 746 2297 144 2298 140 2298 746 2298 144 2299 746 2299 750 2299 148 2300 144 2300 750 2300 148 2301 750 2301 754 2301 152 2302 148 2302 754 2302 152 2303 754 2303 758 2303 156 2304 758 2304 762 2304 156 2305 152 2305 758 2305 160 2306 762 2306 766 2306 160 2307 156 2307 762 2307 164 2308 766 2308 770 2308 164 2309 770 2309 773 2309 164 2310 160 2310 766 2310 168 2311 164 2311 773 2311 171 2312 773 2312 774 2312 171 2313 168 2313 773 2313 173 2314 774 2314 775 2314 173 2315 171 2315 774 2315 178 2316 775 2316 778 2316 178 2317 173 2317 775 2317 180 2318 778 2318 779 2318 180 2319 178 2319 778 2319 182 2320 779 2320 780 2320 182 2321 780 2321 784 2321 182 2322 180 2322 779 2322 187 2323 182 2323 784 2323</p>
        </triangles>
      </mesh>
    </geometry>
  </library_geometries>
  <library_materials>
    <material id="mat_Body" name="Body">
      <instance_effect url="#effect_Body"/>
    </material>
  </library_materials>
  <library_visual_scenes>
    <visual_scene id="myscene">
      <node id="node0" name="node0">
        <instance_geometry url="#geometry0">
          <bind_material>
            <technique_common>
              <instance_material symbol="ref_Body" target="#mat_Body"/>
            </technique_common>
          </bind_material>
        </instance_geometry>
      </node>
    </visual_scene>
  </library_visual_scenes>
  <scene>
    <instance_visual_scene url="#myscene"/>
  </scene>
</COLLADA>
